,"Population estimates, July 1, 2019, (V2019)","Population estimates base, April 1, 2010, (V2019)","Population, percent change - April 1, 2010 (estimates base) to July 1, 2019, (V2019)","Persons under 5 years, percent","Persons under 18 years, percent","Persons 65 years and over, percent","Persons 65 years and over, percent","Female persons, percent","White alone, percent","Black or African American alone, percent(a)","American Indian and Alaska Native alone, percent(a)","Asian alone, percent(a)","Two or More Races, percent","Hispanic or Latino, percent(b)","White alone, not Hispanic or Latino, percent","Veterans, 2015-2019","Foreign born persons, percent, 2015-2019","Housing units, July 1, 2019, (V2019)","Owner-occupied housing unit rate, 2015-2019","Median value of owner-occupied housing units, 2015-2019","Median selected monthly owner costs -with a mortgage, 2015-2019","Median selected monthly owner costs -without a mortgage, 2015-2019","Median gross rent, 2015-2019","Building permits, 2019","Households, 2015-2019","Persons per household, 2015-2019","Living in same house 1 year ago, percent of persons age 1 year+, 2015-2019","Language other than English spoken at home, percent of persons age 5 years+, 2015-2019","Households with a computer, percent, 2015-2019","Households with a broadband Internet subscription, percent, 2015-2019","High school graduate or higher, percent of persons age 25 years+, 2015-2019","Bachelor's degree or higher, percent of persons age 25 years+, 2015-2019","With a disability, under age 65 years, percent, 2015-2019","With a disability, under age 65 years, percent, 2015-2019","Persons without health insurance, under age 65 years, percent","In civilian labor force, total, percent of population age 16 years+, 2015-2019","In civilian labor force, female, percent of population age 16 years+, 2015-2019","Total retail sales, 2012 ($1,000)(c)","Total retail sales per capita, 2012(c)","Mean travel time to work (minutes), workers age 16 years+, 2015-2019","Median household income (in 2019 dollars), 2015-2019","Per capita income in past 12 months (in 2019 dollars), 2015-2019","Per capita income in past 12 months (in 2019 dollars), 2015-2019","Persons in poverty, percent","All firms, 2012","Men-owned firms, 2012","Women-owned firms, 2012","Minority-owned firms, 2012","Nonminority-owned firms, 2012","Veteran-owned firms, 2012","Nonveteran-owned firms, 2012","Population per square mile, 2010","Land area in square miles, 2010",FIPS Code
"Accomack County, Virginia","32,316.0000","33,162.0000",-0.0260,0.0560,0.2070,0.2460,0.2460,0.5130,0.6780,0.2880,0.0070,0.0080,0.0170,0.0910,0.5990,"2,606.0000",0.0770,"21,319.0000",0.6680,"171,800.0000","1,241.0000",384.0000,831.0000,81.0000,"13,438.0000",2.3500,0.9300,0.1150,0.8110,0.6850,0.8150,0.1950,0.0880,0.0880,0.1700,0.5360,0.4830,"348,195.0000","10,443.0000",22.9000,"46,073.0000","26,018.0000","26,018.0000",0.1640,"2,997.0000","1,716.0000",802.0000,335.0000,"2,560.0000",212.0000,"2,536.0000",73.8000,449.5000,"51,001.0000"
"Albemarle County, Virginia","109,330.0000","98,998.0000",0.1040,0.0520,0.1970,0.1930,0.1930,0.5210,0.8180,0.0970,0.0040,0.0550,0.0260,0.0580,0.7690,"6,705.0000",0.1040,"47,081.0000",0.6330,"356,100.0000","1,869.0000",541.0000,"1,273.0000",948.0000,"41,496.0000",2.4200,0.8020,0.1170,0.9310,0.8530,0.9210,0.5510,0.0480,0.0480,0.0970,0.6170,0.5820,"1,497,509.0000","14,645.0000",22.0000,"79,880.0000","44,799.0000","44,799.0000",0.0670,"11,062.0000","5,716.0000","3,967.0000","1,236.0000","9,370.0000","1,306.0000","8,936.0000",137.3000,720.7000,"51,003.0000"
"Alleghany County, Virginia","14,860.0000","16,264.0000",-0.0860,0.0440,0.1830,0.2550,0.2550,0.5110,0.9280,0.0470,0.0030,0.0030,0.0190,0.0160,0.9140,"1,042.0000",0.0130,"8,010.0000",0.7620,"119,700.0000","1,010.0000",372.0000,653.0000,14.0000,"6,600.0000",2.2400,0.9130,0.0180,0.8150,0.6970,0.8600,0.1500,0.1360,0.1360,0.1040,0.4820,0.4360,"75,144.0000","4,630.0000",25.6000,"47,673.0000","27,338.0000","27,338.0000",0.1150,893.0000,596.0000,189.0000,38.0000,821.0000,104.0000,754.0000,36.5000,445.4600,"51,005.0000"
"Amelia County, Virginia","13,145.0000","12,695.0000",0.0350,0.0550,0.2080,0.2010,0.2010,0.5070,0.7650,0.2040,0.0060,0.0060,0.0180,0.0320,0.7400,980.0000,0.0120,"5,677.0000",0.8440,"201,400.0000","1,335.0000",344.0000,826.0000,54.0000,"4,954.0000",2.5900,0.8980,0.0380,0.8320,0.7190,0.8390,0.1710,0.1100,0.1100,0.1360,0.6310,0.5740,"71,057.0000","5,569.0000",39.9000,"57,946.0000","31,688.0000","31,688.0000",0.0930,893.0000,444.0000,335.0000,159.0000,695.0000,69.0000,778.0000,35.7000,355.2700,"51,007.0000"
"Amherst County, Virginia","31,605.0000","32,354.0000",-0.0230,0.0520,0.1930,0.2160,0.2160,0.5140,0.7690,0.1910,0.0090,0.0060,0.0250,0.0240,0.7490,"2,565.0000",0.0180,"14,266.0000",0.7710,"155,600.0000","1,126.0000",335.0000,728.0000,47.0000,"12,160.0000",2.5200,0.8740,0.0280,0.8120,0.6920,0.8560,0.1910,0.1150,0.1150,0.1210,0.5840,0.5290,"273,370.0000","8,442.0000",27.3000,"52,888.0000","26,712.0000","26,712.0000",0.1200,"2,117.0000","1,094.0000",810.0000,397.0000,"1,634.0000",185.0000,"1,819.0000",68.3000,473.9300,"51,009.0000"
"Appomattox County, Virginia","15,911.0000","15,028.0000",0.0590,0.0580,0.2100,0.2120,0.2120,0.5150,0.7870,0.1850,0.0030,0.0040,0.0200,0.0190,0.7710,"1,407.0000",0.0120,"7,424.0000",0.7780,"158,800.0000","1,136.0000",344.0000,691.0000,78.0000,"6,091.0000",2.5700,0.9460,0.0170,0.8180,0.6940,0.8590,0.2090,0.1150,0.1150,0.1180,0.5870,0.5560,"143,824.0000","9,507.0000",29.5000,"58,696.0000","28,586.0000","28,586.0000",0.1260,962.0000,616.0000,253.0000,117.0000,796.0000,80.0000,806.0000,44.9000,333.4900,"51,011.0000"
"Arlington County, Virginia","236,842.0000","207,696.0000",0.1400,0.0580,0.1810,0.1110,0.1110,0.4990,0.7500,0.0970,0.0060,0.1100,0.0360,0.1560,0.6140,"12,177.0000",0.2320,"118,880.0000",0.4270,"705,400.0000","3,011.0000",983.0000,"1,970.0000",743.0000,"107,032.0000",2.1500,0.7960,0.2970,0.9570,0.9130,0.9430,0.7530,0.0370,0.0370,0.0670,0.7710,0.7390,"2,608,839.0000","11,802.0000",29.2000,"120,071.0000","71,841.0000","71,841.0000",0.0760,"21,665.0000","11,888.0000","7,902.0000","6,403.0000","14,039.0000","2,366.0000","18,087.0000","7,993.6000",25.9700,"51,013.0000"
"Augusta County, Virginia","75,558.0000","73,753.0000",0.0240,0.0420,0.1850,0.2190,0.2190,0.4920,0.9280,0.0470,0.0030,0.0060,0.0160,0.0310,0.9020,"5,648.0000",0.0260,"32,851.0000",0.7930,"214,000.0000","1,339.0000",384.0000,890.0000,390.0000,"29,539.0000",2.4000,0.8730,0.0340,0.8670,0.7580,0.8740,0.2270,0.0910,0.0910,0.1040,0.5830,0.5650,"621,286.0000","8,435.0000",23.9000,"62,711.0000","30,272.0000","30,272.0000",0.0730,"5,645.0000","3,051.0000","1,784.0000",282.0000,"5,174.0000",728.0000,"4,536.0000",76.3000,967.0000,"51,015.0000"
"Bath County, Virginia","4,147.0000","4,727.0000",-0.1230,0.0410,0.1510,0.2800,0.2800,0.4940,0.9290,0.0480,0.0020,0.0050,0.0150,0.0220,0.9110,373.0000,0.0210,"3,300.0000",0.7530,"165,300.0000","1,093.0000",342.0000,537.0000,9.0000,"1,801.0000",2.2800,0.8940,0.0200,0.7880,0.6860,0.9030,0.1590,0.0790,0.0790,0.1260,0.5860,0.6010,"17,227.0000","3,703.0000",23.0000,"49,738.0000","27,527.0000","27,527.0000",0.0990,402.0000,210.0000,136.0000,F,371.0000,79.0000,294.0000,8.9000,529.1600,"51,017.0000"
"Bedford County, Virginia","78,997.0000","74,929.0000",0.0540,0.0460,0.1970,0.2180,0.2180,0.5080,0.8960,0.0720,0.0040,0.0120,0.0160,0.0240,0.8760,"6,607.0000",0.0290,"37,040.0000",0.8210,"201,900.0000","1,303.0000",348.0000,855.0000,53.0000,"31,317.0000",2.4900,0.8700,0.0440,0.8680,0.7610,0.9000,0.2920,0.0970,0.0970,0.1030,0.5930,0.5330,"521,240.0000","7,490.0000",27.2000,"64,199.0000","33,678.0000","33,678.0000",0.0860,"4,688.0000","2,592.0000","1,385.0000",311.0000,"4,257.0000",567.0000,"3,799.0000",91.2000,753.0200,"51,019.0000"
"Bland County, Virginia","6,280.0000","6,824.0000",-0.0800,0.0390,0.1500,0.2360,0.2360,0.4520,0.9430,0.0400,0.0020,0.0060,0.0100,0.0100,0.9340,362.0000,0.0030,"3,356.0000",0.8140,"113,200.0000",994.0000,307.0000,589.0000,24.0000,"2,367.0000",2.3200,0.9010,0.0240,0.8070,0.7080,0.8860,0.1420,0.1150,0.1150,0.0920,0.4440,0.4910,"33,844.0000","5,023.0000",28.9000,"48,531.0000","22,522.0000","22,522.0000",0.1340,332.0000,255.0000,63.0000,F,315.0000,43.0000,227.0000,19.1000,357.7300,"51,021.0000"
"Botetourt County, Virginia","33,419.0000","33,152.0000",0.0080,0.0420,0.1890,0.2330,0.2330,0.5030,0.9410,0.0330,0.0030,0.0080,0.0150,0.0180,0.9270,"2,867.0000",0.0230,"15,025.0000",0.8630,"227,700.0000","1,469.0000",383.0000,908.0000,105.0000,"13,264.0000",2.4900,0.8970,0.0280,0.8870,0.8020,0.9280,0.2830,0.0890,0.0890,0.0810,0.6000,0.5450,"321,378.0000","9,693.0000",28.0000,"71,110.0000","35,893.0000","35,893.0000",0.0570,"2,597.0000","1,606.0000",743.0000,176.0000,"2,352.0000",283.0000,"2,232.0000",61.2000,541.2000,"51,023.0000"
"Brunswick County, Virginia","16,231.0000","17,426.0000",-0.0690,0.0440,0.1640,0.2180,0.2180,0.4640,0.4240,0.5480,0.0040,0.0090,0.0150,0.0250,0.4070,"1,333.0000",0.0170,"8,236.0000",0.7070,"112,200.0000","1,011.0000",379.0000,668.0000,0.0000,"6,037.0000",2.3400,0.8910,0.0290,0.7840,0.6660,0.7850,0.1360,0.1390,0.1390,0.1270,0.4730,0.5000,"103,582.0000","6,089.0000",29.8000,"44,434.0000","21,732.0000","21,732.0000",0.2090,868.0000,453.0000,274.0000,246.0000,583.0000,101.0000,644.0000,30.8000,566.1700,"51,025.0000"
"Buchanan County, Virginia","21,004.0000","24,102.0000",-0.1290,0.0420,0.1730,0.2310,0.2310,0.4940,0.9530,0.0340,0.0020,0.0040,0.0070,0.0090,0.9460,806.0000,0.0180,"11,556.0000",0.7730,"72,300.0000",984.0000,308.0000,617.0000,4.0000,"8,569.0000",2.4400,0.9120,0.0200,0.7260,0.6470,0.7010,0.1180,0.2030,0.2030,0.1290,0.3760,0.3330,"173,035.0000","7,252.0000",27.3000,"31,956.0000","19,496.0000","19,496.0000",0.2170,"1,056.0000",514.0000,366.0000,41.0000,961.0000,226.0000,753.0000,47.9000,502.7600,"51,027.0000"
"Buckingham County, Virginia","17,148.0000","17,140.0000",0.0000,0.0410,0.1770,0.2020,0.2020,0.4510,0.6330,0.3370,0.0040,0.0040,0.0210,0.0240,0.6130,"1,237.0000",0.0140,"7,479.0000",0.7520,"130,300.0000","1,034.0000",336.0000,779.0000,49.0000,"5,826.0000",2.5600,0.9020,0.0220,0.8130,0.6390,0.7980,0.1250,0.1230,0.1230,0.1400,0.5040,0.5330,"82,977.0000","4,856.0000",36.3000,"49,025.0000","20,605.0000","20,605.0000",0.1680,685.0000,367.0000,274.0000,128.0000,534.0000,F,635.0000,29.6000,579.6600,"51,029.0000"
"Campbell County, Virginia","54,885.0000","54,809.0000",0.0010,0.0490,0.1940,0.2030,0.2030,0.5140,0.8150,0.1480,0.0040,0.0110,0.0220,0.0290,0.7910,"4,051.0000",0.0240,"26,097.0000",0.7470,"157,000.0000","1,183.0000",311.0000,757.0000,74.0000,"23,071.0000",2.3700,0.8990,0.0300,0.8500,0.7330,0.8720,0.2250,0.0960,0.0960,0.1170,0.6020,0.5560,"600,969.0000","10,894.0000",24.5000,"49,664.0000","27,739.0000","27,739.0000",0.1080,"3,807.0000","1,930.0000","1,412.0000",420.0000,"3,260.0000",427.0000,"3,058.0000",108.8000,503.8700,"51,031.0000"
"Caroline County, Virginia","30,725.0000","28,554.0000",0.0760,0.0630,0.2280,0.1690,0.1690,0.5050,0.6720,0.2720,0.0080,0.0110,0.0360,0.0520,0.6320,"2,613.0000",0.0370,"12,417.0000",0.7920,"206,000.0000","1,468.0000",417.0000,"1,093.0000",109.0000,"10,946.0000",2.5700,0.8350,0.0570,0.8810,0.7360,0.8510,0.1990,0.0830,0.0830,0.1130,0.5960,0.6100,"404,165.0000","13,950.0000",35.1000,"65,103.0000","31,568.0000","31,568.0000",0.0960,"2,177.0000","1,061.0000",868.0000,601.0000,"1,540.0000",266.0000,"1,844.0000",54.1000,527.5100,"51,033.0000"
"Carroll County, Virginia","29,791.0000","30,072.0000",-0.0090,0.0420,0.1780,0.2540,0.2540,0.5040,0.9720,0.0090,0.0030,0.0020,0.0130,0.0390,0.9400,"1,880.0000",0.0200,"16,708.0000",0.7830,"112,900.0000",965.0000,280.0000,565.0000,2.0000,"12,357.0000",2.4000,0.9150,0.0250,0.7830,0.6790,0.8080,0.1500,0.1210,0.1210,0.1310,0.5410,0.4800,"285,688.0000","9,570.0000",26.0000,"44,835.0000","25,449.0000","25,449.0000",0.1390,"2,103.0000","1,358.0000",513.0000,78.0000,"1,988.0000",257.0000,"1,752.0000",63.3000,474.6900,"51,035.0000"
"Charles City County, Virginia","6,963.0000","7,256.0000",-0.0400,0.0370,0.1470,0.2550,0.2550,0.5150,0.4480,0.4440,0.0670,0.0060,0.0340,0.0180,0.4360,561.0000,0.0190,"3,391.0000",0.8390,"167,900.0000","1,296.0000",376.0000,813.0000,19.0000,"2,896.0000",2.4200,0.9320,0.0310,0.7910,0.6150,0.7970,0.1470,0.1330,0.1330,0.1520,0.5710,0.5350,"14,698.0000","2,054.0000",33.8000,"57,198.0000","35,304.0000","35,304.0000",0.1250,460.0000,278.0000,102.0000,148.0000,272.0000,67.0000,351.0000,39.7000,182.8200,"51,036.0000"
"Charlotte County, Virginia","11,880.0000","12,597.0000",-0.0570,0.0560,0.2090,0.2260,0.2260,0.5040,0.6990,0.2760,0.0040,0.0030,0.0180,0.0230,0.6830,826.0000,0.0080,"6,348.0000",0.7130,"111,900.0000","1,073.0000",329.0000,620.0000,16.0000,"4,661.0000",2.5500,0.9320,0.0210,0.7130,0.5970,0.8320,0.1090,0.1580,0.1580,0.1480,0.5570,0.5590,"56,529.0000","4,557.0000",32.8000,"40,573.0000","22,018.0000","22,018.0000",0.1930,684.0000,352.0000,276.0000,134.0000,522.0000,140.0000,513.0000,26.5000,475.2700,"51,037.0000"
"Chesterfield County, Virginia","352,802.0000","316,240.0000",0.1160,0.0600,0.2350,0.1540,0.1540,0.5180,0.6820,0.2450,0.0060,0.0370,0.0290,0.0950,0.6060,"25,184.0000",0.0860,"134,267.0000",0.7580,"241,200.0000","1,595.0000",505.0000,"1,251.0000","3,202.0000","124,971.0000",2.7200,0.8720,0.1190,0.9460,0.9010,0.9230,0.4050,0.0790,0.0790,0.0980,0.6810,0.6330,"4,657,329.0000","14,381.0000",26.6000,"82,599.0000","37,658.0000","37,658.0000",0.0660,"23,311.0000","12,333.0000","8,455.0000","6,470.0000","15,928.0000","2,847.0000","19,274.0000",747.1000,423.3000,"51,041.0000"
"Clarke County, Virginia","14,619.0000","14,025.0000",0.0420,0.0440,0.1950,0.2180,0.2180,0.5050,0.9060,0.0470,0.0070,0.0140,0.0250,0.0640,0.8530,"1,095.0000",0.0350,"6,396.0000",0.7500,"347,200.0000","1,776.0000",483.0000,"1,151.0000",174.0000,"5,612.0000",2.5400,0.9010,0.0610,0.9090,0.7870,0.8910,0.3220,0.0460,0.0460,0.1060,0.6370,0.5820,"81,456.0000","5,687.0000",38.1000,"80,026.0000","41,332.0000","41,332.0000",0.0630,"1,596.0000",841.0000,579.0000,120.0000,"1,441.0000",236.0000,"1,304.0000",79.7000,176.1800,"51,043.0000"
"Craig County, Virginia","5,131.0000","5,175.0000",-0.0090,0.0410,0.1750,0.2410,0.2410,0.5020,0.9810,0.0040,0.0040,0.0020,0.0090,0.0160,0.9680,320.0000,0.0020,"2,907.0000",0.7640,"165,800.0000","1,112.0000",334.0000,566.0000,8.0000,"2,297.0000",2.2200,0.8950,0.0070,0.8690,0.7350,0.9080,0.2360,0.1030,0.1030,0.0890,0.5810,0.5370,"18,648.0000","3,577.0000",33.9000,"55,708.0000","30,103.0000","30,103.0000",0.1120,200.0000,94.0000,74.0000,F,188.0000,F,181.0000,15.7000,329.5300,"51,045.0000"
"Culpeper County, Virginia","52,605.0000","46,688.0000",0.1270,0.0650,0.2470,0.1600,0.1600,0.5010,0.7940,0.1460,0.0080,0.0170,0.0330,0.1160,0.6980,"3,795.0000",0.0880,"19,239.0000",0.7270,"298,900.0000","1,842.0000",466.0000,"1,160.0000",284.0000,"17,071.0000",2.9100,0.8720,0.1240,0.8990,0.8350,0.8610,0.2570,0.0790,0.0790,0.1250,0.6470,0.6200,"550,139.0000","11,483.0000",38.2000,"77,935.0000","32,028.0000","32,028.0000",0.0920,"4,073.0000","2,078.0000","1,406.0000",477.0000,"3,331.0000",363.0000,"3,369.0000",123.1000,379.2300,"51,047.0000"
"Cumberland County, Virginia","9,932.0000","10,039.0000",-0.0110,0.0460,0.1890,0.2310,0.2310,0.5160,0.6580,0.3050,0.0080,0.0050,0.0240,0.0320,0.6350,798.0000,0.0100,"4,760.0000",0.7390,"146,000.0000","1,179.0000",371.0000,855.0000,35.0000,"3,975.0000",2.4600,0.9440,0.0350,0.7960,0.6060,0.8350,0.1490,0.0940,0.0940,0.1240,0.6240,0.5520,"40,387.0000","4,101.0000",44.8000,"47,469.0000","25,138.0000","25,138.0000",0.1380,426.0000,239.0000,154.0000,48.0000,361.0000,60.0000,348.0000,33.8000,297.4600,"51,049.0000"
"Dickenson County, Virginia","14,318.0000","15,877.0000",-0.0980,0.0470,0.1960,0.2300,0.2300,0.4910,0.9820,0.0050,0.0030,0.0020,0.0080,0.0110,0.9730,925.0000,0.0040,"7,563.0000",0.7570,"81,000.0000",915.0000,298.0000,592.0000,1.0000,"5,778.0000",2.4700,0.9310,0.0040,0.7450,0.6230,0.7740,0.1070,0.2150,0.2150,0.1160,0.3730,0.3570,"102,343.0000","6,523.0000",27.8000,"29,932.0000","24,978.0000","24,978.0000",0.2420,805.0000,354.0000,269.0000,F,757.0000,99.0000,655.0000,48.1000,330.5300,"51,051.0000"
"Dinwiddie County, Virginia","28,544.0000","28,012.0000",0.0190,0.0470,0.1990,0.1790,0.1790,0.5100,0.6480,0.3220,0.0040,0.0080,0.0170,0.0380,0.6200,"2,133.0000",0.0280,"11,856.0000",0.7720,"168,300.0000","1,337.0000",412.0000,"1,005.0000",89.0000,"10,401.0000",2.6600,0.8660,0.0410,0.8580,0.7450,0.8320,0.1860,0.1070,0.1070,0.1120,0.6290,0.6000,"144,913.0000","5,177.0000",30.7000,"60,346.0000","28,922.0000","28,922.0000",0.1070,"1,545.0000",852.0000,555.0000,486.0000,"1,031.0000",101.0000,"1,382.0000",55.6000,503.7200,"51,053.0000"
"Essex County, Virginia","10,953.0000","11,149.0000",-0.0180,0.0490,0.1840,0.2370,0.2370,0.5310,0.5730,0.3740,0.0090,0.0120,0.0300,0.0390,0.5490,636.0000,0.0160,"5,894.0000",0.6710,"202,800.0000","1,301.0000",462.0000,885.0000,33.0000,"4,555.0000",2.3800,0.8780,0.0360,0.8070,0.6140,0.8230,0.1740,0.1020,0.1020,0.1200,0.6090,0.5880,"236,634.0000","21,066.0000",35.7000,"51,954.0000","26,847.0000","26,847.0000",0.1620,842.0000,470.0000,229.0000,146.0000,640.0000,139.0000,614.0000,43.4000,257.1200,"51,057.0000"
"Fairfax County, Virginia","1,147,532.0000","1,081,703.0000",0.0610,0.0630,0.2330,0.1400,0.1400,0.5040,0.6470,0.1060,0.0050,0.2010,0.0390,0.1650,0.5000,"73,603.0000",0.3130,"416,058.0000",0.6800,"563,100.0000","2,729.0000",870.0000,"1,881.0000","2,138.0000","396,501.0000",2.8700,0.8530,0.3930,0.9720,0.9390,0.9250,0.6160,0.0450,0.0450,0.0880,0.7060,0.6490,"14,589,534.0000","13,043.0000",32.3000,"124,831.0000","56,231.0000","56,231.0000",0.0600,"115,917.0000","62,967.0000","41,905.0000","47,911.0000","64,164.0000","12,378.0000","98,963.0000","2,766.8000",390.9700,"51,059.0000"
"Fauquier County, Virginia","71,222.0000","65,228.0000",0.0920,0.0570,0.2310,0.1690,0.1690,0.5060,0.8700,0.0780,0.0050,0.0170,0.0280,0.0920,0.7900,"6,120.0000",0.0640,"27,398.0000",0.7830,"395,500.0000","2,291.0000",613.0000,"1,281.0000",202.0000,"24,562.0000",2.8200,0.8950,0.0910,0.9230,0.8830,0.9250,0.3640,0.0560,0.0560,0.1010,0.6720,0.6170,"920,778.0000","13,838.0000",41.0000,"100,783.0000","45,408.0000","45,408.0000",0.0610,"6,836.0000","3,713.0000","2,258.0000",692.0000,"5,908.0000",794.0000,"5,625.0000",100.7000,647.4500,"51,061.0000"
"Floyd County, Virginia","15,749.0000","15,291.0000",0.0300,0.0480,0.1930,0.2350,0.2350,0.4960,0.9550,0.0200,0.0020,0.0050,0.0170,0.0300,0.9300,862.0000,0.0310,"8,110.0000",0.8110,"170,700.0000","1,206.0000",314.0000,705.0000,26.0000,"6,493.0000",2.4000,0.9130,0.0260,0.8160,0.7360,0.8700,0.2210,0.0940,0.0940,0.1370,0.5720,0.5350,"70,667.0000","4,592.0000",34.3000,"51,521.0000","26,882.0000","26,882.0000",0.1140,"1,525.0000",819.0000,554.0000,115.0000,"1,389.0000",106.0000,"1,371.0000",40.2000,380.4200,"51,063.0000"
"Fluvanna County, Virginia","27,270.0000","25,742.0000",0.0590,0.0530,0.1980,0.2050,0.2050,0.5420,0.8070,0.1530,0.0040,0.0090,0.0260,0.0380,0.7760,"2,279.0000",0.0350,"11,162.0000",0.8500,"234,700.0000","1,536.0000",519.0000,"1,163.0000",123.0000,"9,923.0000",2.5500,0.9010,0.0480,0.9220,0.8580,0.9110,0.3390,0.0800,0.0800,0.1070,0.5930,0.5400,"75,319.0000","2,901.0000",32.9000,"76,873.0000","39,633.0000","39,633.0000",0.0730,"1,857.0000",966.0000,722.0000,228.0000,"1,596.0000",288.0000,"1,464.0000",89.8000,286.0100,"51,065.0000"
"Franklin County, Virginia","56,042.0000","56,128.0000",-0.0020,0.0450,0.1870,0.2420,0.2420,0.5080,0.8960,0.0790,0.0050,0.0050,0.0150,0.0290,0.8720,"4,144.0000",0.0220,"30,069.0000",0.8170,"178,100.0000","1,206.0000",349.0000,732.0000,117.0000,"22,997.0000",2.3800,0.9050,0.0330,0.8350,0.7350,0.8810,0.2190,0.1110,0.1110,0.1180,0.5580,0.5290,"458,981.0000","8,136.0000",30.6000,"56,254.0000","30,487.0000","30,487.0000",0.1150,"4,570.0000","2,548.0000","1,459.0000",324.0000,"4,133.0000",457.0000,"3,980.0000",81.3000,690.4300,"51,067.0000"
"Frederick County, Virginia","89,313.0000","78,269.0000",0.1410,0.0580,0.2270,0.1780,0.1780,0.5020,0.9050,0.0470,0.0050,0.0180,0.0240,0.0930,0.8230,"6,478.0000",0.0620,"35,450.0000",0.7760,"251,200.0000","1,574.0000",437.0000,"1,125.0000",771.0000,"31,503.0000",2.7000,0.8750,0.0970,0.9050,0.8130,0.8920,0.2830,0.0800,0.0800,0.1050,0.6450,0.6070,"1,346,134.0000","16,760.0000",32.3000,"78,002.0000","35,123.0000","35,123.0000",0.0650,"6,752.0000","3,985.0000","2,187.0000",536.0000,"5,980.0000",648.0000,"5,768.0000",189.4000,413.5000,"51,069.0000"
"Giles County, Virginia","16,720.0000","17,286.0000",-0.0330,0.0530,0.2040,0.2240,0.2240,0.5060,0.9630,0.0160,0.0030,0.0060,0.0130,0.0180,0.9470,983.0000,0.0100,"8,368.0000",0.7510,"123,200.0000","1,056.0000",356.0000,700.0000,28.0000,"6,910.0000",2.4100,0.9050,0.0190,0.8060,0.7370,0.8890,0.1810,0.0910,0.0910,0.0990,0.5740,0.5130,"184,035.0000","10,872.0000",25.3000,"54,520.0000","27,137.0000","27,137.0000",0.1140,"1,177.0000",666.0000,389.0000,31.0000,"1,097.0000",229.0000,898.0000,48.6000,355.7800,"51,071.0000"
"Gloucester County, Virginia","37,348.0000","36,859.0000",0.0130,0.0500,0.1990,0.1960,0.1960,0.5080,0.8780,0.0800,0.0060,0.0090,0.0270,0.0380,0.8470,"4,341.0000",0.0170,"16,857.0000",0.7820,"230,000.0000","1,497.0000",407.0000,"1,084.0000",100.0000,"14,786.0000",2.5000,0.9040,0.0290,0.9110,0.8500,0.8960,0.2330,0.1230,0.1230,0.1030,0.5950,0.5450,"496,201.0000","13,452.0000",33.8000,"70,537.0000","33,692.0000","33,692.0000",0.0860,"3,133.0000","1,851.0000",841.0000,203.0000,"2,811.0000",455.0000,"2,517.0000",169.2000,217.8100,"51,073.0000"
"Goochland County, Virginia","23,753.0000","21,692.0000",0.0950,0.0370,0.1720,0.2290,0.2290,0.5090,0.8040,0.1580,0.0040,0.0170,0.0170,0.0310,0.7780,"1,530.0000",0.0410,"9,613.0000",0.8490,"375,200.0000","1,839.0000",522.0000,"1,208.0000",218.0000,"8,506.0000",2.5500,0.8920,0.0500,0.9080,0.8320,0.9140,0.4180,0.0870,0.0870,0.0750,0.5950,0.5520,"215,509.0000","10,096.0000",30.8000,"93,994.0000","51,720.0000","51,720.0000",0.0620,"2,812.0000","1,640.0000",707.0000,380.0000,"2,356.0000",327.0000,"2,265.0000",77.2000,281.4200,"51,075.0000"
"Grayson County, Virginia","15,550.0000","15,554.0000",0.0000,0.0400,0.1650,0.2530,0.2530,0.4860,0.9250,0.0570,0.0030,0.0020,0.0120,0.0380,0.8910,981.0000,0.0220,"9,256.0000",0.8130,"102,900.0000",875.0000,269.0000,520.0000,28.0000,"6,498.0000",2.2500,0.9000,0.0510,0.7820,0.6920,0.8130,0.1370,0.1380,0.1380,0.1290,0.5100,0.5240,"40,503.0000","2,668.0000",26.1000,"36,544.0000","21,663.0000","21,663.0000",0.1880,"1,476.0000",861.0000,387.0000,F,"1,416.0000",113.0000,"1,269.0000",35.1000,442.1800,"51,077.0000"
"Greene County, Virginia","19,819.0000","18,389.0000",0.0780,0.0620,0.2380,0.1780,0.1780,0.5130,0.8760,0.0730,0.0040,0.0200,0.0260,0.0600,0.8220,"1,464.0000",0.0460,"8,488.0000",0.7760,"236,400.0000","1,564.0000",445.0000,"1,165.0000",170.0000,"7,548.0000",2.5700,0.8840,0.0760,0.9220,0.8530,0.8610,0.2900,0.0990,0.0990,0.1250,0.6890,0.6580,"183,922.0000","9,798.0000",29.8000,"67,398.0000","32,508.0000","32,508.0000",0.0760,"1,440.0000",791.0000,422.0000,69.0000,"1,291.0000",307.0000,"1,066.0000",117.8000,156.2500,"51,079.0000"
"Greensville County, Virginia","11,336.0000","12,245.0000",-0.0740,0.0410,0.1640,0.1530,0.1530,0.3720,0.3780,0.6020,0.0030,0.0070,0.0110,0.0280,0.3570,868.0000,0.0170,"4,205.0000",0.7330,"117,700.0000","1,018.0000",346.0000,854.0000,12.0000,"3,647.0000",2.2600,0.8090,0.0390,0.7950,0.6320,0.7780,0.0920,0.1150,0.1150,0.1070,0.4140,0.5440,"130,752.0000","11,033.0000",23.7000,"50,300.0000","19,550.0000","19,550.0000",0.2450,345.0000,212.0000,119.0000,209.0000,124.0000,47.0000,285.0000,41.5000,295.2300,"51,081.0000"
"Halifax County, Virginia","33,911.0000","36,253.0000",-0.0650,0.0530,0.2020,0.2480,0.2480,0.5210,0.6120,0.3630,0.0040,0.0070,0.0150,0.0220,0.5970,"2,476.0000",0.0210,"18,207.0000",0.7410,"116,100.0000","1,017.0000",318.0000,671.0000,82.0000,"14,158.0000",2.3800,0.9390,0.0450,0.6810,0.5720,0.8150,0.1540,0.1220,0.1220,0.1130,0.5290,0.4980,"358,082.0000","9,989.0000",25.2000,"42,669.0000","23,909.0000","23,909.0000",0.1710,"2,257.0000","1,271.0000",745.0000,433.0000,"1,726.0000",241.0000,"1,922.0000",44.3000,817.8400,"51,083.0000"
"Hanover County, Virginia","107,766.0000","99,850.0000",0.0790,0.0500,0.2170,0.1840,0.1840,0.5100,0.8600,0.0950,0.0050,0.0190,0.0200,0.0310,0.8350,"7,272.0000",0.0350,"42,264.0000",0.8250,"282,900.0000","1,735.0000",479.0000,"1,159.0000",992.0000,"38,987.0000",2.6600,0.8960,0.0440,0.9300,0.8600,0.9310,0.3980,0.0660,0.0660,0.0730,0.6710,0.6300,"1,752,104.0000","17,405.0000",25.9000,"89,390.0000","41,200.0000","41,200.0000",0.0510,"10,101.0000","5,966.0000","3,060.0000",761.0000,"8,982.0000","1,215.0000","8,315.0000",213.1000,468.5400,"51,085.0000"
"Henrico County, Virginia","330,818.0000","306,756.0000",0.0780,0.0600,0.2240,0.1590,0.1590,0.5260,0.5700,0.3090,0.0040,0.0910,0.0260,0.0600,0.5220,"17,967.0000",0.1290,"139,274.0000",0.6270,"242,600.0000","1,593.0000",483.0000,"1,170.0000","1,775.0000","128,464.0000",2.5300,0.8440,0.1540,0.9200,0.8620,0.9170,0.4370,0.0750,0.0750,0.1000,0.6930,0.6480,"5,519,851.0000","17,527.0000",22.6000,"70,307.0000","39,516.0000","39,516.0000",0.0870,"27,519.0000","14,973.0000","9,261.0000","8,667.0000","17,408.0000","3,061.0000","22,774.0000","1,313.4000",233.7000,"51,087.0000"
"Henry County, Virginia","50,557.0000","54,182.0000",-0.0670,0.0450,0.1920,0.2450,0.2450,0.5190,0.7440,0.2260,0.0040,0.0050,0.0200,0.0580,0.6950,"3,804.0000",0.0270,"26,170.0000",0.7190,"93,900.0000",901.0000,302.0000,604.0000,16.0000,"21,218.0000",2.3800,0.9060,0.0670,0.8020,0.7020,0.8010,0.1390,0.1500,0.1500,0.1410,0.5090,0.4840,"581,502.0000","10,978.0000",23.3000,"37,952.0000","22,372.0000","22,372.0000",0.1460,"3,211.0000","1,839.0000","1,049.0000",435.0000,"2,631.0000",324.0000,"2,726.0000",141.6000,382.3300,"51,089.0000"
"Highland County, Virginia","2,190.0000","2,319.0000",-0.0560,0.0440,0.1330,0.3550,0.3550,0.5040,0.9760,0.0110,0.0030,0.0060,0.0030,0.0110,0.9670,297.0000,0.0030,"1,890.0000",0.8290,"173,900.0000","1,065.0000",326.0000,618.0000,13.0000,"1,078.0000",2.0400,0.9570,0.0080,0.8120,0.7650,0.8850,0.2250,0.1100,0.1100,0.1720,0.4600,0.4040,"8,555.0000","3,811.0000",27.4000,"48,587.0000","31,485.0000","31,485.0000",0.1240,349.0000,163.0000,120.0000,F,332.0000,F,292.0000,5.6000,415.1600,"51,091.0000"
"Isle of Wight County, Virginia","37,109.0000","35,277.0000",0.0520,0.0530,0.2080,0.1980,0.1980,0.5100,0.7270,0.2320,0.0050,0.0100,0.0250,0.0340,0.7020,"3,806.0000",0.0300,"16,025.0000",0.7580,"266,800.0000","1,735.0000",492.0000,"1,045.0000",203.0000,"14,587.0000",2.4900,0.8940,0.0480,0.8910,0.7810,0.8790,0.2700,0.1040,0.1040,0.0900,0.6350,0.5710,"246,871.0000","6,974.0000",30.2000,"73,991.0000","37,126.0000","37,126.0000",0.0910,"2,621.0000","1,488.0000",792.0000,444.0000,"2,030.0000",520.0000,"1,849.0000",111.8000,315.6100,"51,093.0000"
"James City County, Virginia","76,523.0000","67,379.0000",0.1360,0.0490,0.1970,0.2580,0.2580,0.5170,0.8030,0.1360,0.0040,0.0260,0.0290,0.0610,0.7530,"9,601.0000",0.0670,"34,135.0000",0.7640,"340,500.0000","1,786.0000",552.0000,"1,327.0000",311.0000,"28,920.0000",2.5500,0.8610,0.0800,0.9460,0.8670,0.9510,0.5040,0.0800,0.0800,0.0790,0.5750,0.5350,"630,200.0000","9,138.0000",25.8000,"87,678.0000","44,495.0000","44,495.0000",0.0580,"6,439.0000","3,246.0000","2,327.0000",827.0000,"5,294.0000","1,070.0000","4,899.0000",470.4000,142.4400,"51,095.0000"
"King and Queen County, Virginia","7,025.0000","6,940.0000",0.0120,0.0460,0.1750,0.2360,0.2360,0.4900,0.6900,0.2620,0.0170,0.0050,0.0260,0.0310,0.6640,503.0000,0.0120,"3,513.0000",0.8350,"183,200.0000","1,192.0000",394.0000,968.0000,26.0000,"2,707.0000",2.6000,0.8960,0.0100,0.7990,0.6060,0.8810,0.2360,0.0680,0.0680,0.1420,0.5630,0.5190,"12,350.0000","1,753.0000",35.2000,"63,982.0000","31,174.0000","31,174.0000",0.1170,424.0000,329.0000,50.0000,92.0000,324.0000,91.0000,307.0000,22.0000,315.1400,"51,097.0000"
"King George County, Virginia","26,836.0000","23,578.0000",0.1380,0.0590,0.2460,0.1340,0.1340,0.4940,0.7790,0.1610,0.0080,0.0160,0.0350,0.0580,0.7330,"3,367.0000",0.0280,"10,257.0000",0.7880,"307,900.0000","1,881.0000",512.0000,"1,208.0000",155.0000,"9,202.0000",2.8200,0.8570,0.0500,0.9560,0.8990,0.9330,0.3600,0.0770,0.0770,0.0740,0.6590,0.6060,"232,398.0000","9,486.0000",38.1000,"94,274.0000","38,739.0000","38,739.0000",0.0590,"1,554.0000",803.0000,555.0000,366.0000,"1,132.0000",153.0000,"1,284.0000",131.3000,179.6400,"51,099.0000"
"King William County, Virginia","17,148.0000","15,927.0000",0.0770,0.0590,0.2280,0.1630,0.1630,0.5110,0.7940,0.1540,0.0150,0.0110,0.0260,0.0290,0.7720,"1,137.0000",0.0200,"7,268.0000",0.8740,"204,300.0000","1,488.0000",423.0000,"1,061.0000",118.0000,"6,078.0000",2.7400,0.9430,0.0260,0.8960,0.7400,0.9210,0.2100,0.0860,0.0860,0.0970,0.6460,0.5990,"133,291.0000","8,341.0000",39.1000,"66,987.0000","30,704.0000","30,704.0000",0.0690,"1,207.0000",671.0000,450.0000,109.0000,"1,048.0000",138.0000,992.0000,58.2000,273.9400,"51,101.0000"
"Lancaster County, Virginia","10,603.0000","11,390.0000",-0.0690,0.0400,0.1550,0.3670,0.3670,0.5270,0.6900,0.2840,0.0040,0.0080,0.0150,0.0250,0.6710,"1,242.0000",0.0270,"7,684.0000",0.7590,"257,200.0000","1,472.0000",449.0000,763.0000,27.0000,"5,062.0000",2.0900,0.8770,0.0360,0.8460,0.7230,0.9040,0.3150,0.0840,0.0840,0.1300,0.4770,0.4390,"161,485.0000","14,372.0000",26.2000,"53,711.0000","40,062.0000","40,062.0000",0.1330,"1,640.0000",780.0000,512.0000,113.0000,"1,485.0000",161.0000,"1,272.0000",85.5000,133.2500,"51,103.0000"
"Lee County, Virginia","23,423.0000","25,589.0000",-0.0850,0.0450,0.1850,0.2220,0.2220,0.4790,0.9450,0.0370,0.0040,0.0030,0.0100,0.0200,0.9290,"1,402.0000",0.0130,"11,781.0000",0.7080,"88,100.0000",905.0000,273.0000,558.0000,12.0000,"9,149.0000",2.4500,0.8830,0.0270,0.7230,0.4850,0.7670,0.1120,0.2010,0.2010,0.1230,0.4290,0.4120,"208,128.0000","8,170.0000",31.5000,"32,888.0000","19,720.0000","19,720.0000",0.2710,"1,530.0000",779.0000,394.0000,F,"1,482.0000",125.0000,"1,258.0000",58.8000,435.5200,"51,105.0000"
"Loudoun County, Virginia","413,538.0000","312,348.0000",0.3240,0.0680,0.2790,0.0970,0.0970,0.5040,0.6700,0.0810,0.0050,0.2030,0.0390,0.1390,0.5480,"21,956.0000",0.2450,"139,974.0000",0.7800,"508,100.0000","2,805.0000",775.0000,"1,870.0000","2,978.0000","128,637.0000",3.0600,0.8740,0.3160,0.9750,0.9460,0.9390,0.6130,0.0370,0.0370,0.0690,0.7530,0.6840,"5,140,369.0000","15,258.0000",34.5000,"142,299.0000","55,744.0000","55,744.0000",0.0310,"33,392.0000","17,450.0000","12,179.0000","12,053.0000","19,974.0000","2,922.0000","28,790.0000",605.8000,515.5600,"51,107.0000"
"Louisa County, Virginia","37,591.0000","33,168.0000",0.1330,0.0540,0.2010,0.2030,0.2030,0.5050,0.8080,0.1560,0.0060,0.0060,0.0230,0.0330,0.7810,"3,259.0000",0.0360,"17,916.0000",0.8000,"223,100.0000","1,360.0000",423.0000,937.0000,276.0000,"13,871.0000",2.5900,0.8910,0.0480,0.8840,0.7800,0.8520,0.2410,0.1240,0.1240,0.1290,0.5940,0.5450,"276,447.0000","8,269.0000",36.7000,"60,975.0000","34,041.0000","34,041.0000",0.0950,"2,460.0000","1,349.0000",812.0000,378.0000,"2,023.0000",289.0000,"2,013.0000",66.8000,496.3000,"51,109.0000"
"Lunenburg County, Virginia","12,196.0000","12,916.0000",-0.0560,0.0530,0.1890,0.2270,0.2270,0.4710,0.6290,0.3390,0.0050,0.0030,0.0220,0.0540,0.5890,"1,085.0000",0.0610,"5,998.0000",0.7180,"119,500.0000","1,116.0000",365.0000,683.0000,11.0000,"4,293.0000",2.6300,0.9440,0.0480,0.6670,0.5610,0.7780,0.1130,0.1550,0.1550,0.1560,0.4740,0.4700,"51,265.0000","4,073.0000",30.3000,"44,303.0000","19,848.0000","19,848.0000",0.1920,900.0000,547.0000,283.0000,183.0000,697.0000,78.0000,780.0000,29.9000,431.6800,"51,111.0000"
"Madison County, Virginia","13,261.0000","13,306.0000",-0.0030,0.0510,0.2010,0.2290,0.2290,0.5160,0.8690,0.0930,0.0030,0.0060,0.0290,0.0320,0.8430,822.0000,0.0300,"6,140.0000",0.7450,"257,900.0000","1,484.0000",409.0000,687.0000,61.0000,"4,949.0000",2.6200,0.8920,0.0360,0.8460,0.7070,0.8610,0.2340,0.0840,0.0840,0.1230,0.6100,0.5570,"186,364.0000","14,118.0000",28.9000,"57,895.0000","30,777.0000","30,777.0000",0.0930,"1,496.0000",884.0000,514.0000,95.0000,"1,356.0000",213.0000,"1,207.0000",41.5000,320.6800,"51,113.0000"
"Mathews County, Virginia","8,834.0000","8,976.0000",-0.0160,0.0390,0.1560,0.3150,0.3150,0.5160,0.8810,0.0850,0.0030,0.0090,0.0210,0.0270,0.8570,"1,097.0000",0.0230,"5,764.0000",0.8500,"226,300.0000","1,301.0000",460.0000,922.0000,9.0000,"3,920.0000",2.2100,0.9010,0.0280,0.8450,0.7090,0.9050,0.2790,0.1520,0.1520,0.0960,0.4750,0.4060,"54,443.0000","6,128.0000",38.6000,"64,237.0000","35,731.0000","35,731.0000",0.0880,978.0000,525.0000,385.0000,F,927.0000,71.0000,864.0000,104.5000,85.9300,"51,115.0000"
"Mecklenburg County, Virginia","30,587.0000","32,716.0000",-0.0650,0.0500,0.1870,0.2590,0.2590,0.5130,0.6220,0.3460,0.0040,0.0080,0.0190,0.0310,0.6000,"2,388.0000",0.0240,"19,066.0000",0.7110,"132,600.0000","1,027.0000",353.0000,695.0000,104.0000,"12,075.0000",2.4600,0.9300,0.0200,0.7330,0.6070,0.8190,0.2020,0.1510,0.1510,0.1150,0.4930,0.4880,"417,087.0000","13,137.0000",25.7000,"43,207.0000","25,056.0000","25,056.0000",0.1730,"2,217.0000","1,247.0000",702.0000,476.0000,"1,631.0000",271.0000,"1,784.0000",52.3000,625.4900,"51,117.0000"
"Middlesex County, Virginia","10,582.0000","10,959.0000",-0.0340,0.0450,0.1600,0.3200,0.3200,0.5090,0.8010,0.1660,0.0050,0.0050,0.0220,0.0290,0.7770,"1,143.0000",0.0260,"7,369.0000",0.7870,"261,900.0000","1,459.0000",414.0000,844.0000,38.0000,"4,603.0000",2.2300,0.8760,0.0380,0.8480,0.6700,0.8710,0.2150,0.1040,0.1040,0.1110,0.5100,0.4840,"101,324.0000","9,363.0000",28.4000,"57,438.0000","31,502.0000","31,502.0000",0.1380,971.0000,534.0000,224.0000,71.0000,848.0000,177.0000,718.0000,84.1000,130.3100,"51,119.0000"
"Montgomery County, Virginia","98,535.0000","94,422.0000",0.0440,0.0410,0.1530,0.1320,0.1320,0.4830,0.8650,0.0430,0.0030,0.0630,0.0250,0.0350,0.8360,"4,522.0000",0.0780,"41,053.0000",0.5540,"227,100.0000","1,436.0000",448.0000,992.0000,533.0000,"35,685.0000",2.4900,0.7570,0.1030,0.9360,0.8780,0.9320,0.4550,0.0690,0.0690,0.1040,0.5640,0.5470,"1,280,568.0000","13,452.0000",18.9000,"57,977.0000","30,054.0000","30,054.0000",0.2050,"6,198.0000","3,216.0000","1,936.0000",560.0000,"5,244.0000",560.0000,"5,187.0000",243.9000,387.0100,"51,121.0000"
"Nelson County, Virginia","14,930.0000","15,015.0000",-0.0060,0.0470,0.1780,0.2820,0.2820,0.5170,0.8500,0.1140,0.0060,0.0080,0.0230,0.0430,0.8160,"1,207.0000",0.0290,"10,240.0000",0.7640,"235,000.0000","1,383.0000",407.0000,759.0000,46.0000,"6,419.0000",2.2900,0.9320,0.0430,0.8700,0.6850,0.8570,0.3040,0.0710,0.0710,0.1310,0.5800,0.5250,"115,108.0000","7,763.0000",30.6000,"64,313.0000","35,489.0000","35,489.0000",0.1180,"1,587.0000",927.0000,463.0000,97.0000,"1,431.0000",131.0000,"1,350.0000",31.9000,470.8600,"51,125.0000"
"New Kent County, Virginia","23,091.0000","18,432.0000",0.2530,0.0510,0.1990,0.1770,0.1770,0.4910,0.8080,0.1390,0.0110,0.0120,0.0290,0.0360,0.7790,"1,944.0000",0.0270,"8,956.0000",0.8650,"281,100.0000","1,622.0000",515.0000,"1,010.0000",185.0000,"7,961.0000",2.6500,0.8660,0.0420,0.9320,0.7910,0.9270,0.2690,0.0760,0.0760,0.0900,0.6410,0.6040,"155,016.0000","8,087.0000",34.0000,"87,904.0000","38,080.0000","38,080.0000",0.0500,"1,661.0000",771.0000,656.0000,264.0000,"1,318.0000",206.0000,"1,364.0000",87.9000,209.7300,"51,127.0000"
"Northampton County, Virginia","11,710.0000","12,391.0000",-0.0550,0.0510,0.1970,0.2700,0.2700,0.5210,0.6270,0.3370,0.0040,0.0100,0.0190,0.0950,0.5430,"1,055.0000",0.0550,"7,440.0000",0.6520,"176,800.0000","1,220.0000",428.0000,733.0000,76.0000,"5,148.0000",2.2500,0.9420,0.0960,0.8240,0.7230,0.8250,0.2260,0.0850,0.0850,0.1460,0.5220,0.5250,"117,921.0000","9,645.0000",20.7000,"47,227.0000","28,518.0000","28,518.0000",0.1810,"1,342.0000",825.0000,326.0000,226.0000,"1,011.0000",163.0000,"1,058.0000",58.5000,211.6100,"51,131.0000"
"Northumberland County, Virginia","12,095.0000","12,331.0000",-0.0190,0.0360,0.1450,0.3750,0.3750,0.5100,0.7240,0.2500,0.0020,0.0050,0.0180,0.0380,0.6920,"1,335.0000",0.0130,"9,364.0000",0.8920,"292,600.0000","1,490.0000",444.0000,858.0000,46.0000,"5,584.0000",2.1800,0.8970,0.0340,0.8720,0.7750,0.9100,0.2890,0.0870,0.0870,0.1250,0.4750,0.4480,"85,311.0000","6,910.0000",34.3000,"62,632.0000","36,261.0000","36,261.0000",0.1270,"1,470.0000",934.0000,414.0000,208.0000,"1,233.0000",149.0000,"1,250.0000",64.5000,191.3000,"51,133.0000"
"Nottoway County, Virginia","15,232.0000","15,853.0000",-0.0390,0.0520,0.1940,0.1930,0.1930,0.4590,0.5750,0.3930,0.0080,0.0060,0.0170,0.0480,0.5410,"1,159.0000",0.0380,"6,821.0000",0.6470,"151,400.0000","1,212.0000",367.0000,770.0000,71.0000,"5,446.0000",2.4500,0.8800,0.0400,0.7790,0.6520,0.7970,0.1480,0.1490,0.1490,0.1440,0.4710,0.4960,"126,636.0000","8,000.0000",28.6000,"45,535.0000","24,571.0000","24,571.0000",0.2150,"1,058.0000",601.0000,390.0000,177.0000,846.0000,98.0000,901.0000,50.4000,314.3900,"51,135.0000"
"Orange County, Virginia","37,051.0000","33,554.0000",0.1040,0.0580,0.2100,0.2060,0.2060,0.5110,0.8220,0.1330,0.0050,0.0110,0.0280,0.0560,0.7760,"3,183.0000",0.0460,"15,382.0000",0.7880,"244,400.0000","1,598.0000",465.0000,987.0000,253.0000,"13,679.0000",2.5900,0.8650,0.0570,0.8900,0.7830,0.8870,0.2510,0.1130,0.1130,0.1120,0.6240,0.5510,"311,631.0000","9,100.0000",38.2000,"71,548.0000","32,292.0000","32,292.0000",0.0970,"2,807.0000","1,614.0000",915.0000,310.0000,"2,420.0000",387.0000,"2,267.0000",98.2000,340.7800,"51,137.0000"
"Page County, Virginia","23,902.0000","24,051.0000",-0.0060,0.0530,0.1980,0.2190,0.2190,0.5050,0.9550,0.0220,0.0030,0.0050,0.0140,0.0220,0.9360,"1,710.0000",0.0160,"11,814.0000",0.7110,"169,200.0000","1,177.0000",387.0000,790.0000,71.0000,"9,286.0000",2.5400,0.8670,0.0230,0.7700,0.6710,0.8260,0.1370,0.1390,0.1390,0.1270,0.5950,0.5700,"173,945.0000","7,280.0000",34.8000,"51,792.0000","25,170.0000","25,170.0000",0.1130,"1,682.0000",931.0000,548.0000,77.0000,"1,551.0000",96.0000,"1,457.0000",77.3000,310.8600,"51,139.0000"
"Patrick County, Virginia","17,608.0000","18,500.0000",-0.0480,0.0420,0.1730,0.2680,0.2680,0.5040,0.9250,0.0530,0.0060,0.0030,0.0130,0.0320,0.8970,"1,089.0000",0.0130,"10,266.0000",0.7900,"120,000.0000","1,024.0000",282.0000,573.0000,16.0000,"7,755.0000",2.2400,0.8940,0.0420,0.7780,0.6680,0.8020,0.1520,0.1200,0.1200,0.1340,0.5230,0.4670,"204,632.0000","11,091.0000",30.3000,"43,073.0000","24,292.0000","24,292.0000",0.1550,"1,197.0000",849.0000,221.0000,50.0000,"1,113.0000",88.0000,"1,051.0000",38.3000,483.1000,"51,141.0000"
"Pittsylvania County, Virginia","60,354.0000","63,469.0000",-0.0490,0.0430,0.1840,0.2330,0.2330,0.5080,0.7620,0.2150,0.0030,0.0050,0.0140,0.0280,0.7390,"4,149.0000",0.0180,"31,659.0000",0.7540,"123,900.0000","1,030.0000",338.0000,725.0000,52.0000,"26,267.0000",2.2900,0.9040,0.0340,0.8250,0.7160,0.8270,0.1450,0.1280,0.1280,0.1240,0.5680,0.5400,"242,838.0000","3,866.0000",25.5000,"47,690.0000","26,032.0000","26,032.0000",0.1510,"3,608.0000","2,068.0000","1,202.0000",617.0000,"2,878.0000",397.0000,"3,001.0000",65.5000,968.9400,"51,143.0000"
"Powhatan County, Virginia","29,652.0000","28,069.0000",0.0560,0.0450,0.1810,0.1900,0.1900,0.4830,0.8800,0.0920,0.0040,0.0060,0.0160,0.0230,0.8610,"2,185.0000",0.0220,"11,274.0000",0.9010,"279,200.0000","1,621.0000",491.0000,980.0000,238.0000,"10,265.0000",2.5500,0.9050,0.0240,0.9440,0.8950,0.8990,0.2920,0.0670,0.0670,0.0960,0.5600,0.5720,"264,151.0000","9,393.0000",33.1000,"89,090.0000","37,424.0000","37,424.0000",0.0540,"2,333.0000","1,372.0000",703.0000,228.0000,"2,055.0000",115.0000,"2,062.0000",107.8000,260.2200,"51,145.0000"
"Prince Edward County, Virginia","22,802.0000","23,363.0000",-0.0240,0.0480,0.1600,0.1700,0.1700,0.5000,0.6340,0.3280,0.0030,0.0140,0.0200,0.0300,0.6120,"1,265.0000",0.0510,"9,501.0000",0.6440,"159,700.0000","1,150.0000",354.0000,765.0000,49.0000,"7,185.0000",2.4500,0.8700,0.0670,0.7800,0.6670,0.8600,0.2680,0.1030,0.1030,0.1270,0.4720,0.4860,"390,494.0000","16,804.0000",23.0000,"47,202.0000","21,017.0000","21,017.0000",0.2060,"1,170.0000",588.0000,373.0000,280.0000,796.0000,188.0000,850.0000,66.8000,349.9600,"51,147.0000"
"Prince George County, Virginia","38,353.0000","35,715.0000",0.0740,0.0580,0.2200,0.1440,0.1440,0.4630,0.6030,0.3260,0.0070,0.0220,0.0370,0.0860,0.5420,"4,654.0000",0.0320,"12,605.0000",0.6760,"213,300.0000","1,470.0000",440.0000,"1,338.0000",75.0000,"11,507.0000",2.9600,0.8340,0.0780,0.9110,0.8330,0.9060,0.2360,0.1020,0.1020,0.0870,0.5220,0.5710,"260,725.0000","7,058.0000",25.2000,"71,912.0000","29,420.0000","29,420.0000",0.0830,"1,754.0000",902.0000,608.0000,526.0000,"1,121.0000",356.0000,"1,235.0000",134.7000,265.1600,"51,149.0000"
"Prince William County, Virginia","470,335.0000","402,009.0000",0.1700,0.0720,0.2690,0.1030,0.1030,0.5000,0.6240,0.2220,0.0110,0.0940,0.0470,0.2450,0.4150,"42,139.0000",0.2450,"151,729.0000",0.7330,"382,400.0000","2,300.0000",671.0000,"1,713.0000","1,474.0000","142,000.0000",3.2200,0.8670,0.3370,0.9720,0.9420,0.8850,0.4110,0.0550,0.0550,0.1170,0.7100,0.6580,"5,638,210.0000","13,103.0000",40.0000,"107,132.0000","40,932.0000","40,932.0000",0.0610,"34,235.0000","18,497.0000","12,615.0000","16,778.0000","16,121.0000","4,033.0000","28,527.0000","1,195.0000",336.4000,"51,153.0000"
"Pulaski County, Virginia","34,027.0000","34,857.0000",-0.0240,0.0470,0.1750,0.2350,0.2350,0.4990,0.9230,0.0500,0.0030,0.0070,0.0170,0.0180,0.9070,"2,603.0000",0.0190,"17,302.0000",0.7140,"149,500.0000","1,111.0000",376.0000,711.0000,47.0000,"14,533.0000",2.2700,0.8670,0.0240,0.8460,0.7040,0.8740,0.2000,0.1420,0.1420,0.0960,0.5710,0.5330,"352,657.0000","10,152.0000",23.8000,"53,866.0000","28,125.0000","28,125.0000",0.1460,"2,082.0000",892.0000,790.0000,103.0000,"1,885.0000",175.0000,"1,679.0000",109.0000,319.8600,"51,155.0000"
"Rappahannock County, Virginia","7,370.0000","7,506.0000",-0.0180,0.0390,0.1620,0.2790,0.2790,0.5080,0.9240,0.0420,0.0040,0.0100,0.0200,0.0440,0.8830,629.0000,0.0440,"3,998.0000",0.7420,"377,700.0000","1,881.0000",534.0000,"1,055.0000",22.0000,"2,913.0000",2.5300,0.9330,0.0530,0.8820,0.7710,0.8840,0.3580,0.1120,0.1120,0.1330,0.6000,0.5330,"29,306.0000","3,931.0000",39.9000,"74,284.0000","41,792.0000","41,792.0000",0.0850,938.0000,598.0000,259.0000,F,904.0000,99.0000,825.0000,27.7000,266.2300,"51,157.0000"
"Richmond County, Virginia","9,023.0000","9,254.0000",-0.0250,0.0420,0.1690,0.2110,0.2110,0.4360,0.6680,0.2960,0.0060,0.0070,0.0230,0.0730,0.6050,664.0000,0.0410,"3,989.0000",0.6990,"180,300.0000","1,271.0000",408.0000,797.0000,23.0000,"3,069.0000",2.3600,0.8350,0.0850,0.7530,0.6740,0.8060,0.1770,0.0890,0.0890,0.1270,0.4480,0.4940,"68,192.0000","7,528.0000",26.3000,"49,517.0000","22,853.0000","22,853.0000",0.1780,688.0000,376.0000,203.0000,118.0000,536.0000,119.0000,527.0000,48.3000,191.4900,"51,159.0000"
"Roanoke County, Virginia","94,186.0000","92,465.0000",0.0190,0.0440,0.1970,0.2180,0.2180,0.5180,0.8790,0.0640,0.0020,0.0350,0.0190,0.0330,0.8520,"6,541.0000",0.0570,"41,096.0000",0.7480,"199,800.0000","1,364.0000",431.0000,956.0000,162.0000,"38,222.0000",2.4000,0.8810,0.0690,0.9080,0.8410,0.9230,0.3560,0.0720,0.0720,0.0830,0.6120,0.5630,"891,006.0000","9,591.0000",23.6000,"68,948.0000","36,469.0000","36,469.0000",0.0650,"6,344.0000","3,432.0000","2,241.0000",559.0000,"5,523.0000",721.0000,"5,168.0000",368.7000,250.5200,"51,161.0000"
"Rockbridge County, Virginia","22,573.0000","22,355.0000",0.0100,0.0400,0.1710,0.2680,0.2680,0.5050,0.9350,0.0330,0.0060,0.0070,0.0180,0.0200,0.9190,"1,707.0000",0.0230,"11,532.0000",0.7520,"199,600.0000","1,289.0000",393.0000,800.0000,68.0000,"9,248.0000",2.4200,0.8820,0.0330,0.8380,0.7570,0.8680,0.2670,0.0960,0.0960,0.1150,0.5440,0.5070,"360,059.0000","16,078.0000",25.9000,"54,600.0000","31,539.0000","31,539.0000",0.1150,"1,562.0000",843.0000,497.0000,76.0000,"1,411.0000",162.0000,"1,313.0000",37.3000,597.5600,"51,163.0000"
"Rockingham County, Virginia","81,948.0000","76,321.0000",0.0740,0.0560,0.2180,0.1950,0.1950,0.5090,0.9420,0.0250,0.0060,0.0100,0.0160,0.0740,0.8790,"4,423.0000",0.0580,"36,163.0000",0.7450,"211,500.0000","1,317.0000",388.0000,907.0000,288.0000,"30,994.0000",2.5300,0.8780,0.0930,0.8530,0.7630,0.8400,0.2630,0.0820,0.0820,0.1230,0.6280,0.5710,"429,800.0000","5,554.0000",21.9000,"61,864.0000","31,275.0000","31,275.0000",0.0810,"5,281.0000","3,079.0000","1,654.0000",183.0000,"4,953.0000",660.0000,"4,445.0000",89.9000,849.0900,"51,165.0000"
"Russell County, Virginia","26,586.0000","28,923.0000",-0.0810,0.0470,0.1870,0.2250,0.2250,0.5120,0.9760,0.0110,0.0030,0.0020,0.0080,0.0140,0.9660,"1,268.0000",0.0090,"13,536.0000",0.7610,"98,000.0000",912.0000,297.0000,582.0000,17.0000,"10,812.0000",2.4600,0.9280,0.0200,0.7200,0.5970,0.8030,0.1220,0.2060,0.2060,0.1070,0.4390,0.3970,"233,167.0000","8,197.0000",28.0000,"39,758.0000","21,605.0000","21,605.0000",0.2000,"1,627.0000","1,026.0000",439.0000,46.0000,"1,528.0000",58.0000,"1,490.0000",61.0000,473.8200,"51,167.0000"
"Scott County, Virginia","21,566.0000","23,168.0000",-0.0690,0.0410,0.1780,0.2490,0.2490,0.4970,0.9760,0.0090,0.0030,0.0020,0.0090,0.0150,0.9640,"1,498.0000",0.0120,"11,966.0000",0.7740,"94,800.0000",928.0000,298.0000,563.0000,13.0000,"8,773.0000",2.4100,0.9070,0.0170,0.7420,0.6430,0.8140,0.1330,0.2280,0.2280,0.1070,0.4800,0.4240,"210,545.0000","9,242.0000",29.3000,"39,820.0000","22,898.0000","22,898.0000",0.1480,"1,151.0000",650.0000,392.0000,F,"1,080.0000",25.0000,"1,068.0000",43.3000,535.5300,"51,169.0000"
"Shenandoah County, Virginia","43,616.0000","41,996.0000",0.0390,0.0550,0.2100,0.2220,0.2220,0.5090,0.9360,0.0290,0.0050,0.0110,0.0190,0.0740,0.8720,"3,374.0000",0.0470,"21,335.0000",0.7090,"213,200.0000","1,368.0000",403.0000,900.0000,123.0000,"17,402.0000",2.4600,0.8570,0.0740,0.8400,0.7440,0.8700,0.2050,0.1070,0.1070,0.1200,0.6100,0.5600,"499,549.0000","11,731.0000",29.5000,"57,252.0000","28,882.0000","28,882.0000",0.1030,"3,319.0000","1,619.0000","1,117.0000",251.0000,"2,972.0000",388.0000,"2,703.0000",82.5000,508.7800,"51,171.0000"
"Smyth County, Virginia","30,104.0000","32,213.0000",-0.0650,0.0470,0.1910,0.2260,0.2260,0.5110,0.9570,0.0250,0.0020,0.0050,0.0110,0.0200,0.9400,"2,147.0000",0.0140,"15,352.0000",0.7150,"95,800.0000",928.0000,315.0000,610.0000,16.0000,"12,686.0000",2.3600,0.8820,0.0260,0.7960,0.7000,0.8330,0.1460,0.1890,0.1890,0.1130,0.5170,0.4770,"271,994.0000","8,575.0000",21.9000,"40,932.0000","21,605.0000","21,605.0000",0.1650,"2,013.0000","1,192.0000",644.0000,44.0000,"1,890.0000",294.0000,"1,608.0000",71.4000,450.9300,"51,173.0000"
"Southampton County, Virginia","17,631.0000","18,573.0000",-0.0510,0.0420,0.1860,0.2080,0.2080,0.4830,0.6230,0.3470,0.0050,0.0050,0.0190,0.0200,0.6100,"1,852.0000",0.0050,"7,673.0000",0.7480,"178,500.0000","1,307.0000",440.0000,829.0000,59.0000,"6,562.0000",2.5000,0.8790,0.0160,0.8640,0.7430,0.8480,0.1840,0.1050,0.1050,0.1060,0.5360,0.5250,"55,663.0000","3,024.0000",31.0000,"61,348.0000","26,600.0000","26,600.0000",0.1330,"1,050.0000",651.0000,371.0000,354.0000,665.0000,182.0000,848.0000,31.0000,599.1500,"51,175.0000"
"Spotsylvania County, Virginia","136,215.0000","122,453.0000",0.1120,0.0610,0.2450,0.1470,0.1470,0.5080,0.7540,0.1750,0.0050,0.0280,0.0360,0.1070,0.6660,"14,009.0000",0.0680,"49,599.0000",0.7810,"284,000.0000","1,780.0000",469.0000,"1,477.0000","1,308.0000","44,436.0000",2.9800,0.8790,0.1010,0.9480,0.8980,0.9120,0.3170,0.0800,0.0800,0.1020,0.6740,0.6160,"2,160,088.0000","17,187.0000",38.3000,"88,628.0000","37,212.0000","37,212.0000",0.0660,"9,151.0000","4,528.0000","3,355.0000","2,026.0000","6,770.0000","1,220.0000","7,301.0000",304.9000,401.5000,"51,177.0000"
"Stafford County, Virginia","152,882.0000","128,984.0000",0.1850,0.0640,0.2590,0.1070,0.1070,0.4950,0.7090,0.2000,0.0080,0.0360,0.0450,0.1420,0.5930,"20,297.0000",0.0980,"51,376.0000",0.7740,"346,100.0000","2,208.0000",556.0000,"1,546.0000",913.0000,"47,075.0000",3.0400,0.8490,0.1440,0.9690,0.9430,0.9320,0.3990,0.0600,0.0600,0.0780,0.6630,0.6310,"1,247,882.0000","9,288.0000",40.5000,"111,108.0000","42,126.0000","42,126.0000",0.0540,"8,581.0000","4,496.0000","3,285.0000","2,242.0000","6,066.0000","1,355.0000","6,816.0000",479.5000,268.9600,"51,179.0000"
"Surry County, Virginia","6,422.0000","7,064.0000",-0.0910,0.0450,0.1660,0.2390,0.2390,0.5040,0.5520,0.4150,0.0050,0.0050,0.0220,0.0270,0.5330,707.0000,0.0110,"3,611.0000",0.7430,"197,800.0000","1,401.0000",438.0000,903.0000,26.0000,"2,730.0000",2.3900,0.9330,0.0130,0.8230,0.6480,0.8500,0.2060,0.1050,0.1050,0.1010,0.6070,0.5670,"14,869.0000","2,173.0000",41.3000,"57,962.0000","30,260.0000","30,260.0000",0.1190,244.0000,146.0000,59.0000,74.0000,158.0000,F,222.0000,25.3000,278.9500,"51,181.0000"
"Sussex County, Virginia","11,159.0000","12,070.0000",-0.0750,0.0400,0.1520,0.1860,0.1860,0.4040,0.4130,0.5610,0.0060,0.0050,0.0160,0.0330,0.3890,974.0000,0.0230,"4,837.0000",0.6920,"125,800.0000","1,196.0000",372.0000,807.0000,40.0000,"3,794.0000",2.3800,0.8480,0.0470,0.7880,0.6640,0.8030,0.1270,0.1130,0.1130,0.1340,0.4560,0.5080,"112,569.0000","9,403.0000",34.9000,"49,487.0000","21,652.0000","21,652.0000",0.2160,530.0000,250.0000,253.0000,152.0000,353.0000,F,485.0000,24.7000,490.2200,"51,183.0000"
"Tazewell County, Virginia","40,595.0000","45,058.0000",-0.0990,0.0510,0.1930,0.2310,0.2310,0.5040,0.9480,0.0320,0.0020,0.0070,0.0110,0.0110,0.9380,"2,429.0000",0.0090,"20,708.0000",0.7450,"99,700.0000",933.0000,359.0000,656.0000,10.0000,"16,531.0000",2.4200,0.9000,0.0120,0.7980,0.7300,0.8170,0.1490,0.1600,0.1600,0.1160,0.4700,0.4170,"804,594.0000","18,176.0000",25.1000,"42,099.0000","23,738.0000","23,738.0000",0.2170,"2,778.0000","1,562.0000",843.0000,121.0000,"2,471.0000",229.0000,"2,305.0000",86.9000,518.8500,"51,185.0000"
"Warren County, Virginia","40,164.0000","37,450.0000",0.0720,0.0590,0.2160,0.1680,0.1680,0.5020,0.9050,0.0500,0.0060,0.0130,0.0260,0.0530,0.8600,"3,200.0000",0.0440,"16,606.0000",0.7670,"244,800.0000","1,482.0000",379.0000,"1,020.0000",150.0000,"14,651.0000",2.6400,0.8870,0.0610,0.9040,0.8320,0.8690,0.2170,0.1010,0.1010,0.1190,0.6460,0.5940,"444,630.0000","11,679.0000",41.7000,"69,116.0000","32,086.0000","32,086.0000",0.0970,"2,947.0000","1,735.0000",797.0000,241.0000,"2,565.0000",436.0000,"2,328.0000",176.0000,213.4700,"51,187.0000"
"Washington County, Virginia","53,740.0000","54,961.0000",-0.0220,0.0430,0.1800,0.2360,0.2360,0.5070,0.9670,0.0150,0.0020,0.0050,0.0090,0.0160,0.9530,"3,537.0000",0.0140,"26,018.0000",0.7520,"151,800.0000","1,117.0000",340.0000,716.0000,63.0000,"22,321.0000",2.3400,0.8830,0.0190,0.8480,0.7540,0.8570,0.2280,0.1550,0.1550,0.1150,0.5490,0.5130,"820,491.0000","14,867.0000",25.5000,"48,495.0000","27,524.0000","27,524.0000",0.1230,"4,551.0000","2,722.0000","1,204.0000",189.0000,"4,124.0000",542.0000,"3,669.0000",97.8000,560.9800,"51,191.0000"
"Westmoreland County, Virginia","18,015.0000","17,460.0000",0.0320,0.0540,0.1910,0.2560,0.2560,0.5120,0.6920,0.2610,0.0080,0.0090,0.0290,0.0690,0.6380,"2,024.0000",0.0390,"11,060.0000",0.7320,"199,100.0000","1,400.0000",472.0000,948.0000,99.0000,"7,923.0000",2.2200,0.8800,0.0590,0.8580,0.7490,0.8450,0.1920,0.0770,0.0770,0.1250,0.5570,0.5290,"109,793.0000","6,265.0000",42.6000,"53,853.0000","32,996.0000","32,996.0000",0.1590,"1,250.0000",680.0000,464.0000,216.0000,996.0000,256.0000,907.0000,76.1000,229.3800,"51,193.0000"
"Wise County, Virginia","37,383.0000","41,437.0000",-0.0980,0.0460,0.1910,0.1920,0.1920,0.4790,0.9250,0.0580,0.0020,0.0040,0.0110,0.0120,0.9140,"2,193.0000",0.0110,"17,916.0000",0.6660,"85,500.0000",986.0000,334.0000,632.0000,7.0000,"14,925.0000",2.3700,0.8620,0.0170,0.8100,0.6440,0.7590,0.1500,0.2050,0.2050,0.1190,0.4490,0.4390,"500,864.0000","12,241.0000",22.3000,"38,888.0000","21,500.0000","21,500.0000",0.2040,"2,086.0000","1,016.0000",633.0000,29.0000,"1,961.0000",274.0000,"1,709.0000",102.8000,403.1900,"51,195.0000"
"Wythe County, Virginia","28,684.0000","29,246.0000",-0.0190,0.0510,0.1980,0.2210,0.2210,0.5110,0.9460,0.0300,0.0020,0.0060,0.0160,0.0140,0.9350,"2,240.0000",0.0060,"14,422.0000",0.7800,"128,400.0000","1,033.0000",304.0000,676.0000,48.0000,"11,983.0000",2.3900,0.9150,0.0140,0.8100,0.7100,0.8620,0.1900,0.1490,0.1490,0.1150,0.5910,0.5490,"905,499.0000","30,956.0000",23.3000,"49,364.0000","27,381.0000","27,381.0000",0.1280,"2,033.0000","1,188.0000",562.0000,81.0000,"1,837.0000",212.0000,"1,654.0000",63.3000,461.8200,"51,197.0000"
"York County, Virginia","68,280.0000","65,191.0000",0.0470,0.0530,0.2350,0.1660,0.1660,0.5090,0.7540,0.1380,0.0050,0.0610,0.0390,0.0690,0.7010,"9,508.0000",0.0790,"28,522.0000",0.7130,"327,100.0000","1,938.0000",560.0000,"1,480.0000",260.0000,"25,103.0000",2.6500,0.8400,0.1110,0.9480,0.9010,0.9470,0.4710,0.0760,0.0760,0.0740,0.6030,0.5680,"884,399.0000","13,370.0000",22.9000,"92,069.0000","41,201.0000","41,201.0000",0.0510,"4,158.0000","2,024.0000","1,694.0000",859.0000,"3,099.0000",701.0000,"3,150.0000",624.8000,104.7800,"51,199.0000"
"Alexandria city, Virginia","159,428.0000","139,998.0000",0.1390,0.0710,0.1820,0.1130,0.1130,0.5180,0.6220,0.2180,0.0020,0.0590,0.0530,0.1670,0.5190,"11,220.0000",0.2720,X,0.4330,"572,900.0000","2,773.0000",960.0000,"1,747.0000",X,"70,598.0000",2.2100,0.7900,0.3350,0.9570,0.9150,0.9300,0.6310,0.0480,0.0480,0.1190,0.7610,0.7220,"2,416,013.0000","16,515.0000",31.9000,"100,939.0000","62,679.0000","62,679.0000",0.1030,"17,540.0000","9,252.0000","6,882.0000","6,304.0000","10,316.0000","1,777.0000","14,805.0000","9,314.3000",15.0300,"5,101,000.0000"
"Bristol city, Virginia","16,762.0000","17,738.0000",-0.0550,0.0550,0.2130,0.2040,0.2040,0.5290,0.9050,0.0570,0.0000,0.0020,0.0320,0.0230,0.8820,"1,216.0000",0.0110,X,0.6040,"111,700.0000",966.0000,378.0000,687.0000,X,"7,334.0000",2.2600,0.8600,0.0250,0.8410,0.7730,0.8470,0.2540,0.1670,0.1670,0.1280,0.5420,0.5120,"349,853.0000","19,808.0000",19.9000,"37,500.0000","23,015.0000","23,015.0000",0.2260,"1,490.0000",818.0000,459.0000,99.0000,"1,261.0000",83.0000,"1,255.0000","1,370.6000",13.0100,"5,109,816.0000"
"Buena Vista city, Virginia","6,478.0000","6,607.0000",-0.0200,0.0510,0.2070,0.1840,0.1840,0.5720,0.8920,0.0730,0.0010,0.0190,0.0060,0.0180,0.8810,418.0000,0.0100,X,0.6800,"126,600.0000","1,012.0000",402.0000,795.0000,X,"2,517.0000",2.3600,0.8140,0.0270,0.7990,0.6970,0.8110,0.1590,0.0920,0.0920,0.1330,0.5570,0.4940,"34,821.0000","5,192.0000",18.7000,"32,455.0000","21,419.0000","21,419.0000",0.2550,313.0000,164.0000,117.0000,F,285.0000,56.0000,233.0000,991.9000,6.7000,"5,111,032.0000"
"Charlottesville city, Virginia","47,266.0000","43,425.0000",0.0880,0.0500,0.1560,0.1130,0.1130,0.5160,0.7060,0.1880,0.0020,0.0710,0.0290,0.0550,0.6570,"1,677.0000",0.1220,X,0.4280,"299,600.0000","1,612.0000",536.0000,"1,142.0000",X,"18,617.0000",2.3700,0.7130,0.1570,0.9240,0.8430,0.9110,0.5490,0.0580,0.0580,0.0920,0.6410,0.6450,"747,946.0000","17,016.0000",17.0000,"59,471.0000","38,328.0000","38,328.0000",0.2410,"5,935.0000","2,995.0000","2,093.0000",762.0000,"4,756.0000",471.0000,"4,912.0000","4,246.4000",10.2400,"5,114,968.0000"
"Chesapeake city, Virginia","244,835.0000","222,311.0000",0.1010,0.0630,0.2420,0.1300,0.1300,0.5110,0.6110,0.3000,0.0020,0.0320,0.0400,0.0620,0.5740,"26,832.0000",0.0590,X,0.7140,"273,700.0000","1,867.0000",587.0000,"1,279.0000",X,"84,849.0000",2.7600,0.8550,0.0830,0.9430,0.8990,0.9210,0.3320,0.0790,0.0790,0.0830,0.6190,0.5980,"4,114,946.0000","18,015.0000",26.7000,"78,640.0000","35,536.0000","35,536.0000",0.0860,"16,220.0000","8,748.0000","5,751.0000","5,419.0000","9,981.0000","2,502.0000","12,772.0000",652.0000,340.8000,"5,116,000.0000"
"Colonial Heights city, Virginia","17,370.0000","17,410.0000",-0.0020,0.0610,0.2280,0.2040,0.2040,0.5380,0.7550,0.1530,0.0030,0.0420,0.0310,0.0590,0.7230,"1,681.0000",0.0730,X,0.6290,"171,700.0000","1,308.0000",461.0000,"1,038.0000",X,"7,036.0000",2.4500,0.8250,0.1030,0.8920,0.7810,0.9150,0.2550,0.1040,0.1040,0.0920,0.6110,0.5540,"763,254.0000","43,667.0000",24.3000,"54,550.0000","28,364.0000","28,364.0000",0.1210,"1,600.0000",871.0000,430.0000,236.0000,"1,193.0000",150.0000,"1,269.0000","2,315.3000",7.5200,"5,118,448.0000"
"Covington city, Virginia","5,538.0000","5,951.0000",-0.0690,0.0590,0.2050,0.2020,0.2020,0.5210,0.8210,0.1310,0.0000,0.0120,0.0350,0.0240,0.8100,418.0000,0.0340,X,0.7450,"72,900.0000",820.0000,320.0000,619.0000,X,"2,384.0000",2.3100,0.9090,0.0230,0.8360,0.7720,0.8730,0.1560,0.0940,0.0940,0.1250,0.5790,0.5500,"158,331.0000","27,436.0000",16.5000,"40,655.0000","25,309.0000","25,309.0000",0.1320,430.0000,253.0000,80.0000,55.0000,330.0000,F,364.0000,"1,090.2000",5.4700,"5,119,728.0000"
"Danville city, Virginia","40,044.0000","43,071.0000",-0.0700,0.0590,0.2180,0.2030,0.2030,0.5400,0.4550,0.4940,0.0010,0.0120,0.0320,0.0430,0.4240,"2,915.0000",0.0350,X,0.5150,"90,500.0000","1,037.0000",367.0000,682.0000,X,"18,293.0000",2.1600,0.8630,0.0520,0.8060,0.7190,0.8180,0.1760,0.1470,0.1470,0.1190,0.5440,0.5180,"964,972.0000","22,443.0000",18.1000,"37,203.0000","22,826.0000","22,826.0000",0.2240,"3,073.0000","1,290.0000","1,225.0000","1,118.0000","1,679.0000",266.0000,"2,465.0000","1,002.8000",42.9300,"5,121,344.0000"
"Emporia city, Virginia","5,346.0000","5,925.0000",-0.0980,0.0500,0.2870,0.1680,0.1680,0.5490,0.2800,0.6320,0.0010,0.0030,0.0840,0.0680,0.2450,194.0000,0.0280,X,0.4010,"116,800.0000","1,096.0000",344.0000,694.0000,X,"2,086.0000",2.4900,0.8250,0.0650,0.8140,0.6520,0.7940,0.1380,0.1220,0.1220,0.1620,0.6080,0.6060,"136,519.0000","23,784.0000",18.4000,"27,063.0000","18,494.0000","18,494.0000",0.2700,581.0000,360.0000,148.0000,147.0000,381.0000,140.0000,393.0000,859.7000,6.8900,"5,125,808.0000"
"Fairfax city, Virginia","24,019.0000","22,554.0000",0.0650,0.0720,0.2230,0.1490,0.1490,0.5140,0.6780,0.0490,0.0010,0.1720,0.0510,0.1720,0.5620,"1,423.0000",0.2890,X,0.7000,"560,400.0000","2,750.0000",748.0000,"1,834.0000",X,"8,577.0000",2.6700,0.8380,0.3390,0.9830,0.9540,0.9400,0.6080,0.0410,0.0410,0.0850,0.7020,0.6350,"1,757,516.0000","74,912.0000",31.5000,"116,979.0000","50,029.0000","50,029.0000",0.0930,"4,757.0000","2,506.0000","1,546.0000","1,738.0000","2,669.0000",329.0000,"4,062.0000","3,616.8000",6.2400,"5,126,496.0000"
"Falls Church city, Virginia","14,617.0000","12,244.0000",0.1940,0.0530,0.2490,0.1290,0.1290,0.5140,0.7940,0.0490,0.0020,0.0990,0.0370,0.1070,0.7170,908.0000,0.1920,X,0.5830,"789,300.0000","3,418.0000","1,163.0000","1,867.0000",X,"5,493.0000",2.5600,0.8050,0.1930,0.9820,0.9370,0.9890,0.7760,0.0460,0.0460,0.0300,0.7440,0.6900,"310,182.0000","23,447.0000",29.1000,"127,610.0000","72,325.0000","72,325.0000",0.0320,"2,129.0000","1,090.0000",763.0000,503.0000,"1,520.0000",213.0000,"1,786.0000","6,169.1000",2.0000,"5,127,200.0000"
"Franklin city, Virginia","7,967.0000","8,578.0000",-0.0710,0.0670,0.2520,0.1930,0.1930,0.5530,0.3690,0.5670,0.0000,0.0130,0.0410,0.0110,0.3690,579.0000,0.0140,X,0.5160,"164,100.0000","1,173.0000",462.0000,860.0000,X,"3,522.0000",2.2800,0.9000,0.0270,0.8160,0.7290,0.8630,0.1910,0.0830,0.0830,0.0800,0.6500,0.6510,"228,303.0000","26,771.0000",25.0000,"40,417.0000","24,025.0000","24,025.0000",0.1470,734.0000,296.0000,356.0000,388.0000,280.0000,30.0000,634.0000,"1,045.8000",8.2100,"5,129,600.0000"
"Fredericksburg city, Virginia","29,036.0000","24,178.0000",0.2010,0.0700,0.2100,0.1080,0.1080,0.5460,0.6230,0.2210,0.0020,0.0270,0.0710,0.1070,0.5940,"1,877.0000",0.1020,X,0.3550,"367,200.0000","2,005.0000",561.0000,"1,258.0000",X,"10,762.0000",2.4200,0.7180,0.1240,0.9350,0.8470,0.9020,0.4090,0.0820,0.0820,0.1230,0.7130,0.6710,"1,074,978.0000","39,366.0000",30.0000,"65,641.0000","35,731.0000","35,731.0000",0.1550,"2,635.0000","1,124.0000",952.0000,544.0000,"1,787.0000",247.0000,"2,041.0000","2,326.2000",10.4400,"5,129,744.0000"
"Galax city, Virginia","6,347.0000","6,989.0000",-0.0920,0.0510,0.2170,0.2240,0.2240,0.5260,0.8960,0.0750,0.0000,0.0060,0.0030,0.1450,0.7910,532.0000,0.0650,X,0.6810,"96,600.0000",967.0000,322.0000,574.0000,X,"2,663.0000",2.3100,0.8890,0.1270,0.7990,0.6850,0.7570,0.1480,0.2050,0.2050,0.2030,0.5480,0.5280,"259,619.0000","37,582.0000",19.4000,"33,575.0000","23,025.0000","23,025.0000",0.2380,780.0000,343.0000,298.0000,48.0000,680.0000,124.0000,599.0000,854.6000,8.2400,"5,130,208.0000"
"Hampton city, Virginia","134,510.0000","137,464.0000",-0.0210,0.0610,0.2110,0.1500,0.1500,0.5180,0.4110,0.4990,0.0050,0.0250,0.0420,0.0580,0.3820,"18,797.0000",0.0470,X,0.5570,"186,700.0000","1,511.0000",495.0000,"1,118.0000",X,"54,050.0000",2.4100,0.8120,0.0650,0.9140,0.8200,0.9140,0.2690,0.1160,0.1160,0.0950,0.6020,0.5960,"1,512,476.0000","11,053.0000",22.6000,"56,287.0000","30,135.0000","30,135.0000",0.1520,"8,058.0000","3,626.0000","3,473.0000","3,865.0000","3,694.0000","1,181.0000","6,139.0000","2,673.2000",51.4100,"5,135,000.0000"
"Harrisonburg city, Virginia","53,016.0000","48,900.0000",0.0840,0.0510,0.1630,0.0900,0.0900,0.5200,0.8040,0.0740,0.0010,0.0390,0.0670,0.1970,0.6610,"1,236.0000",0.1710,X,0.3960,"203,600.0000","1,266.0000",425.0000,883.0000,X,"16,723.0000",2.7500,0.6990,0.2550,0.9020,0.7800,0.8390,0.3630,0.0650,0.0650,0.1360,0.5970,0.5540,"1,519,791.0000","29,811.0000",16.6000,"46,679.0000","23,202.0000","23,202.0000",0.2830,"3,745.0000","1,964.0000","1,018.0000",684.0000,"2,771.0000",423.0000,"2,991.0000","2,808.2000",17.4200,"5,135,624.0000"
"Hopewell city, Virginia","22,529.0000","22,591.0000",-0.0030,0.0740,0.2570,0.1550,0.1550,0.5320,0.5090,0.4350,0.0010,0.0140,0.0240,0.0790,0.4650,"2,073.0000",0.0370,X,0.4670,"122,900.0000","1,075.0000",423.0000,886.0000,X,"9,224.0000",2.4100,0.8190,0.0850,0.8400,0.7570,0.8130,0.1480,0.1440,0.1440,0.1090,0.5880,0.5620,"164,780.0000","7,373.0000",24.5000,"39,030.0000","21,927.0000","21,927.0000",0.2360,"1,238.0000",616.0000,511.0000,452.0000,715.0000,141.0000,"1,018.0000","2,198.0000",10.2800,"5,138,424.0000"
"Lexington city, Virginia","7,446.0000","7,037.0000",0.0580,0.0230,0.0900,0.1560,0.1560,0.4320,0.8370,0.0880,0.0000,0.0350,0.0280,0.0610,0.7910,293.0000,0.0470,X,0.5240,"235,700.0000","1,085.0000",492.0000,788.0000,X,"2,158.0000",2.0200,0.7980,0.0620,0.8370,0.7190,0.9140,0.4670,0.0990,0.0990,0.0570,0.3840,0.4800,"92,664.0000","13,241.0000",15.9000,"42,632.0000","19,047.0000","19,047.0000",0.2740,689.0000,337.0000,270.0000,25.0000,598.0000,94.0000,522.0000,"2,820.2000",2.5000,"5,145,512.0000"
"Lynchburg city, Virginia","82,168.0000","75,534.0000",0.0880,0.0610,0.1920,0.1410,0.1410,0.5320,0.6500,0.2860,0.0030,0.0240,0.0250,0.0420,0.6230,"4,755.0000",0.0520,X,0.4870,"160,100.0000","1,167.0000",423.0000,857.0000,X,"28,273.0000",2.4800,0.7880,0.0670,0.8860,0.7960,0.8870,0.3560,0.0940,0.0940,0.1050,0.5830,0.5510,"1,995,200.0000","25,874.0000",17.4000,"46,409.0000","23,863.0000","23,863.0000",0.1950,"5,519.0000","2,735.0000","1,719.0000","1,165.0000","3,973.0000",494.0000,"4,540.0000","1,538.2000",49.1300,"5,147,672.0000"
"Manassas city, Virginia","41,085.0000","37,799.0000",0.0870,0.0840,0.2690,0.0970,0.0970,0.4980,0.6610,0.1360,0.0080,0.0520,0.0520,0.3660,0.4080,"2,316.0000",0.2620,X,0.6610,"324,600.0000","2,061.0000",690.0000,"1,528.0000",X,"12,898.0000",3.1900,0.8550,0.4040,0.9240,0.8900,0.8270,0.2960,0.0450,0.0450,0.1640,0.7320,0.6500,"895,267.0000","22,048.0000",36.5000,"81,493.0000","33,082.0000","33,082.0000",0.0800,"4,123.0000","2,254.0000","1,397.0000","1,605.0000","2,276.0000",450.0000,"3,413.0000","3,827.6000",9.8800,"5,148,952.0000"
"Manassas Park city, Virginia","17,478.0000","14,243.0000",0.2270,0.0650,0.2560,0.0850,0.0850,0.4770,0.6230,0.1530,0.0010,0.1110,0.0390,0.3970,0.3310,916.0000,0.3610,X,0.6590,"308,000.0000","2,075.0000",648.0000,"1,732.0000",X,"4,641.0000",3.6600,0.8310,0.4810,0.9680,0.8960,0.8270,0.2790,0.0590,0.0590,0.1860,0.7480,0.6900,"124,707.0000","7,894.0000",40.5000,"88,046.0000","34,326.0000","34,326.0000",0.0640,"1,572.0000","1,072.0000",407.0000,844.0000,659.0000,163.0000,"1,379.0000","5,632.6000",2.5300,"5,148,968.0000"
"Martinsville city, Virginia","12,554.0000","13,814.0000",-0.0910,0.0810,0.2410,0.1870,0.1870,0.5560,0.4800,0.4540,0.0040,0.0100,0.0400,0.0570,0.4400,734.0000,0.0380,X,0.5590,"87,700.0000",906.0000,354.0000,656.0000,X,"5,532.0000",2.2400,0.8200,0.0700,0.8380,0.7390,0.8280,0.2100,0.1450,0.1450,0.1360,0.5490,0.5460,"317,806.0000","23,142.0000",19.4000,"34,371.0000","22,836.0000","22,836.0000",0.2390,974.0000,526.0000,318.0000,240.0000,625.0000,145.0000,718.0000,"1,261.5000",10.9600,"5,149,784.0000"
"Newport News city, Virginia","179,225.0000","180,955.0000",-0.0100,0.0730,0.2320,0.1270,0.1270,0.5170,0.4790,0.4110,0.0030,0.0320,0.0520,0.0900,0.4290,"19,513.0000",0.0750,X,0.4890,"194,000.0000","1,510.0000",521.0000,"1,057.0000",X,"69,835.0000",2.4400,0.8260,0.1070,0.9120,0.7640,0.9100,0.2630,0.1210,0.1210,0.1270,0.6120,0.6010,"2,480,813.0000","13,727.0000",23.3000,"53,215.0000","28,294.0000","28,294.0000",0.1530,"10,889.0000","5,145.0000","4,521.0000","4,523.0000","5,719.0000","1,513.0000","8,576.0000","2,630.0000",68.7100,"5,156,000.0000"
"Norfolk city, Virginia","242,742.0000","242,827.0000",0.0000,0.0660,0.1970,0.1090,0.1090,0.4780,0.4700,0.4110,0.0040,0.0370,0.0470,0.0800,0.4340,"26,924.0000",0.0720,X,0.4340,"206,700.0000","1,557.0000",562.0000,"1,059.0000",X,"88,353.0000",2.4700,0.7320,0.1040,0.9100,0.8340,0.8800,0.2880,0.1010,0.1010,0.1340,0.5650,0.5850,"2,683,232.0000","10,917.0000",21.3000,"51,590.0000","29,830.0000","29,830.0000",0.1870,"15,322.0000","7,434.0000","6,094.0000","6,119.0000","8,159.0000","1,897.0000","12,189.0000","4,486.4000",54.1200,"5,157,000.0000"
"Norton city, Virginia (County)","3,981.0000","3,993.0000",-0.0030,0.0580,0.2160,0.1870,0.1870,0.5320,0.8970,0.0590,0.0040,0.0180,0.0220,0.0380,0.8600,230.0000,0.0370,"1,954.0000",0.5010,"93,800.0000",958.0000,368.0000,618.0000,0.0000,"1,628.0000",2.4000,0.7430,0.0400,0.8430,0.6800,0.8400,0.2280,0.1730,0.1730,0.0950,0.5840,0.5390,"219,720.0000","54,012.0000",12.5000,"29,000.0000","21,741.0000","21,741.0000",0.1930,325.0000,190.0000,72.0000,F,250.0000,91.0000,180.0000,529.1000,7.4800,"51,720.0000"
"Petersburg city, Virginia","31,346.0000","32,441.0000",-0.0340,0.0730,0.2140,0.1670,0.1670,0.5440,0.1750,0.7670,0.0020,0.0090,0.0230,0.0490,0.1510,"2,491.0000",0.0390,X,0.3880,"108,100.0000","1,175.0000",436.0000,947.0000,X,"13,165.0000",2.3300,0.7670,0.0690,0.8110,0.6900,0.8280,0.1980,0.1720,0.1720,0.1460,0.5870,0.5820,"334,459.0000","10,461.0000",22.7000,"38,679.0000","23,611.0000","23,611.0000",0.2410,"1,480.0000",693.0000,520.0000,831.0000,502.0000,194.0000,"1,119.0000","1,413.7000",22.9300,"5,161,832.0000"
"Poquoson city, Virginia","12,271.0000","12,159.0000",0.0090,0.0460,0.2210,0.1960,0.1960,0.5020,0.9390,0.0110,0.0010,0.0250,0.0210,0.0280,0.9140,"1,428.0000",0.0430,X,0.8140,"323,100.0000","2,164.0000",605.0000,"1,222.0000",X,"4,593.0000",2.6200,0.8750,0.0470,0.9120,0.8680,0.9490,0.4220,0.0760,0.0760,0.0360,0.5960,0.5300,"63,753.0000","5,270.0000",24.7000,"97,118.0000","40,258.0000","40,258.0000",0.0560,703.0000,439.0000,189.0000,F,664.0000,141.0000,493.0000,793.2000,15.3200,"5,163,768.0000"
"Portsmouth city, Virginia","94,398.0000","95,526.0000",-0.0120,0.0750,0.2340,0.1450,0.1450,0.5190,0.3980,0.5290,0.0040,0.0140,0.0360,0.0450,0.3770,"10,238.0000",0.0290,X,0.5500,"170,900.0000","1,438.0000",549.0000,"1,048.0000",X,"36,370.0000",2.5100,0.8340,0.0460,0.8860,0.7960,0.8830,0.2190,0.1020,0.1020,0.1170,0.5990,0.5840,"699,478.0000","7,251.0000",23.1000,"52,175.0000","26,312.0000","26,312.0000",0.1680,"6,112.0000","2,879.0000","2,662.0000","3,053.0000","2,825.0000",744.0000,"5,043.0000","2,838.8000",33.6500,"5,164,000.0000"
"Radford city, Virginia","18,249.0000","16,395.0000",0.1130,0.0310,0.1060,0.0870,0.0870,0.5260,0.8480,0.0990,0.0000,0.0160,0.0320,0.0290,0.8330,830.0000,0.0260,X,0.4660,"170,800.0000","1,320.0000",395.0000,728.0000,X,"5,573.0000",2.6400,0.7390,0.0510,0.8860,0.7980,0.9120,0.3800,0.1000,0.1000,0.0890,0.5420,0.5360,"105,816.0000","6,342.0000",17.5000,"36,297.0000","21,797.0000","21,797.0000",0.3630,705.0000,418.0000,200.0000,35.0000,612.0000,70.0000,565.0000,"1,662.1000",9.8700,"5,165,392.0000"
"Richmond city, Virginia","230,436.0000","204,375.0000",0.1280,0.0590,0.1760,0.1280,0.1280,0.5260,0.4550,0.4690,0.0040,0.0210,0.0340,0.0690,0.4080,"11,806.0000",0.0700,X,0.4260,"230,500.0000","1,555.0000",586.0000,"1,025.0000",X,"90,301.0000",2.3900,0.7620,0.0940,0.8810,0.7540,0.8540,0.3960,0.1190,0.1190,0.1360,0.6560,0.6380,"1,955,177.0000","9,297.0000",21.8000,"47,250.0000","33,549.0000","33,549.0000",0.2320,"18,539.0000","9,180.0000","7,426.0000","6,859.0000","10,698.0000","1,673.0000","15,660.0000","3,414.7000",59.8100,"5,167,000.0000"
"Roanoke city, Virginia","99,143.0000","96,910.0000",0.0230,0.0680,0.2190,0.1610,0.1610,0.5240,0.6240,0.2900,0.0020,0.0300,0.0440,0.0630,0.5850,"6,467.0000",0.0670,X,0.5150,"135,100.0000","1,094.0000",411.0000,814.0000,X,"41,740.0000",2.3300,0.8050,0.0860,0.8580,0.7490,0.8620,0.2340,0.0890,0.0890,0.1280,0.6400,0.6000,"2,461,000.0000","25,249.0000",22.8000,"44,230.0000","27,006.0000","27,006.0000",0.2080,"8,330.0000","4,488.0000","2,806.0000","1,661.0000","6,109.0000",900.0000,"6,737.0000","2,279.8000",42.5600,"5,168,000.0000"
"Salem city, Virginia","25,301.0000","24,836.0000",0.0190,0.0450,0.1910,0.1900,0.1900,0.5350,0.8740,0.0670,0.0010,0.0170,0.0300,0.0330,0.8530,"1,747.0000",0.0340,X,0.6360,"181,900.0000","1,384.0000",476.0000,913.0000,X,"9,912.0000",2.3000,0.8490,0.0490,0.9030,0.7930,0.8920,0.2790,0.0730,0.0730,0.0770,0.6110,0.5740,"507,769.0000","20,335.0000",20.6000,"57,165.0000","31,924.0000","31,924.0000",0.0910,"2,039.0000","1,051.0000",545.0000,209.0000,"1,642.0000",161.0000,"1,600.0000","1,717.9000",14.4400,"5,170,000.0000"
"Staunton city, Virginia","24,932.0000","23,745.0000",0.0500,0.0590,0.1900,0.2100,0.2100,0.5430,0.8340,0.1130,0.0030,0.0140,0.0320,0.0310,0.8110,"1,764.0000",0.0370,X,0.5730,"169,000.0000","1,205.0000",423.0000,861.0000,X,"10,597.0000",2.1800,0.8110,0.0540,0.8660,0.7490,0.8970,0.3340,0.0870,0.0870,0.1220,0.6210,0.5640,"432,665.0000","18,087.0000",21.6000,"52,611.0000","30,166.0000","30,166.0000",0.1110,"2,336.0000","1,336.0000",766.0000,154.0000,"2,025.0000",140.0000,"1,908.0000","1,188.8000",19.9800,"5,175,216.0000"
"Suffolk city, Virginia","92,108.0000","84,565.0000",0.0890,0.0660,0.2430,0.1420,0.1420,0.5150,0.5150,0.4180,0.0020,0.0200,0.0380,0.0440,0.4930,"10,917.0000",0.0350,X,0.6870,"254,400.0000","1,841.0000",579.0000,"1,201.0000",X,"33,774.0000",2.6500,0.8500,0.0510,0.9140,0.8110,0.8990,0.2950,0.0830,0.0830,0.0730,0.6410,0.6060,"958,895.0000","11,257.0000",29.5000,"74,884.0000","34,940.0000","34,940.0000",0.1040,"5,504.0000","2,563.0000","2,402.0000","2,222.0000","3,040.0000",608.0000,"4,598.0000",211.4000,400.1700,"5,176,432.0000"
"Virginia Beach city, Virginia","449,974.0000","437,903.0000",0.0280,0.0630,0.2230,0.1370,0.1370,0.5080,0.6630,0.1900,0.0030,0.0670,0.0560,0.0820,0.6170,"56,598.0000",0.0940,X,0.6370,"280,800.0000","1,826.0000",617.0000,"1,367.0000",X,"170,798.0000",2.5800,0.8230,0.1250,0.9500,0.8990,0.9350,0.3600,0.0780,0.0780,0.0880,0.6440,0.6270,"5,671,477.0000","12,687.0000",23.6000,"76,610.0000","37,776.0000","37,776.0000",0.0730,"35,359.0000","18,195.0000","13,466.0000","8,893.0000","25,052.0000","5,384.0000","27,836.0000","1,758.9000",249.0200,"5,182,000.0000"
"Waynesboro city, Virginia","22,630.0000","20,998.0000",0.0780,0.0640,0.2330,0.1760,0.1760,0.5110,0.8140,0.1420,0.0050,0.0110,0.0210,0.0810,0.7510,"1,587.0000",0.0380,X,0.5770,"174,100.0000","1,281.0000",396.0000,821.0000,X,"9,193.0000",2.3900,0.8320,0.0680,0.8610,0.7260,0.8610,0.2710,0.1050,0.1050,0.1640,0.6250,0.5680,"474,273.0000","22,470.0000",22.4000,"45,011.0000","27,033.0000","27,033.0000",0.1680,"1,693.0000",959.0000,484.0000,272.0000,"1,218.0000",153.0000,"1,331.0000","1,396.8000",15.0400,"5,183,680.0000"
"Williamsburg city, Virginia","14,954.0000","13,700.0000",0.0920,0.0350,0.1040,0.1570,0.1570,0.5360,0.7340,0.1500,0.0040,0.0650,0.0360,0.0710,0.6770,"1,009.0000",0.0690,X,0.4930,"306,000.0000","1,712.0000",491.0000,"1,193.0000",X,"4,706.0000",2.2400,0.6260,0.1390,0.9530,0.8620,0.9470,0.5680,0.0730,0.0730,0.0700,0.4990,0.4790,"348,742.0000","22,993.0000",19.1000,"57,463.0000","29,758.0000","29,758.0000",0.2070,"1,382.0000",709.0000,274.0000,177.0000,"1,081.0000",128.0000,928.0000,"1,559.3000",9.0200,"5,186,160.0000"
"Winchester city, Virginia","28,078.0000","26,223.0000",0.0710,0.0670,0.2290,0.1590,0.1590,0.5090,0.8200,0.1010,0.0020,0.0220,0.0420,0.1780,0.6600,"1,745.0000",0.1320,X,0.4430,"244,900.0000","1,485.0000",504.0000,"1,054.0000",X,"10,490.0000",2.5600,0.8200,0.1990,0.8590,0.7540,0.8410,0.3510,0.1120,0.1120,0.1640,0.6520,0.6090,"888,461.0000","33,052.0000",25.6000,"58,818.0000","30,859.0000","30,859.0000",0.1630,"2,857.0000","1,484.0000",733.0000,379.0000,"2,174.0000",138.0000,"2,313.0000","2,838.0000",9.2300,"5,186,720.0000"
