School Number,,School Name,English Reading 2018-2019 Adv Pass Rate,Writing 2018-2019 Adv Pass Rate,Geography 2018-2019 Adv Pass Rate,VA & US History 2018-2019 Adv Pass Rate,World History I 2018-2019 Adv Pass Rate,World History II 2018-2019 Adv Pass Rate,Algebra I 2018-2019 Adv Pass Rate,Algebra II 2018-2019 Adv Pass Rate,Geometry 2018-2019 Adv Pass Rate,Biology 2018-2019 Adv Pass Rate,Chemistry 2018-2019 Adv Pass Rate,Earth Science 2018-2019 Adv Pass Rate,Standard Diploma ,Advanced Studies Diploma ,Other Diploma ,Certificate of Program Completion ,GED Certificate ,ISAEP3,Total Graduates2 and Completers 2019-2020,Attending Two-year Colleges,Attending Four-year Colleges,Other Continuing Education Plans,Employment,Military,No Plans,Division Name,Jurisdiction,"Population estimates, July 1, 2019, (V2019)","Female persons, percent","White alone, percent","Black or African American alone, percent(a)","American Indian and Alaska Native alone, percent(a)","Asian alone, percent(a)","Hispanic or Latino, percent(b)","Owner-occupied housing unit rate, 2015-2019","Households with a computer, percent, 2015-2019","Households with a broadband Internet subscription, percent, 2015-2019","High school graduate or higher, percent of persons age 25 years+, 2015-2019","Bachelor's degree or higher, percent of persons age 25 years+, 2015-2019","Median household income (in 2019 dollars), 2015-2019","Per capita income in past 12 months (in 2019 dollars), 2015-2019","Persons in poverty, percent","Population per square mile, 2010"
540,,Arcadia High,5,13,1,2,12,5,1,5,6,6,0,1,84,68,,7,3,,162,2,148,6,4,1,1,Accomack County  ,"Accomack County, Virginia",32316,0.513,0.678,0.288,0.007,0.008,0.091,0.668,0.811,0.685,0.815,0.195,46073,26018,0.164,73.8
70,,Nandua High,4,19,2,7,7,22,0,11,4,22,0,5,71,73,8,,,,152,49,47,7,7,34,8,Accomack County  ,"Accomack County, Virginia",32316,0.513,0.678,0.288,0.007,0.008,0.091,0.668,0.811,0.685,0.815,0.195,46073,26018,0.164,73.8
880,,Albemarle High,12,40,0,7,14,11,2,16,3,10,27,4,152,293,27,1,1,,474,93,260,30,47,8,36,Albemarle County  ,"Albemarle County, Virginia",109330,0.521,0.818,0.097,0.004,0.055,0.058,0.633,0.931,0.853,0.921,0.551,79880,44799,0.067,137.3
1052,,Monticello High,10,30,7,3,13,8,0,11,0,20,22,4,109,163,1,,3,,276,72,124,4,68,6,2,Albemarle County  ,"Albemarle County, Virginia",109330,0.521,0.818,0.097,0.004,0.055,0.058,0.633,0.931,0.853,0.921,0.551,79880,44799,0.067,137.3
890,,Murray High,5,23,11,,0,0,0,0,0,13,,6,18,3,,,,,21,10,3,2,6,,,Albemarle County  ,"Albemarle County, Virginia",109330,0.521,0.818,0.097,0.004,0.055,0.058,0.633,0.931,0.853,0.921,0.551,79880,44799,0.067,137.3
140,,Western Albemarle High,12,54,22,8,27,17,0,17,4,22,19,6,63,223,5,,,3,294,35,205,30,23,1,,Albemarle County  ,"Albemarle County, Virginia",109330,0.521,0.818,0.097,0.004,0.055,0.058,0.633,0.931,0.853,0.921,0.551,79880,44799,0.067,137.3
310,,Alleghany High,4,10,7,5,17,9,0,14,0,14,5,3,74,74,7,,3,,158,65,42,9,40,2,,Alleghany County  ,"Alleghany County, Virginia",14860,0.511,0.928,0.047,0.003,0.003,0.016,0.762,0.815,0.697,0.86,0.15,47673,27338,0.115,36.5
10,,Amelia County High,8,29,5,16,10,6,11,1,4,0,8,6,69,64,7,,,,140,32,56,19,26,7,,Amelia County  ,"Amelia County, Virginia",13145,0.507,0.765,0.204,0.006,0.006,0.032,0.844,0.832,0.719,0.839,0.171,57946,31688,0.093,35.7
750,,Amherst County High,22,,0,3,0,1,10,6,12,18,3,7,144,138,7,,2,,291,79,102,8,69,17,16,Amherst County  ,"Amherst County, Virginia",31605,0.514,0.769,0.191,0.009,0.006,0.024,0.771,0.812,0.692,0.856,0.191,52888,26712,0.12,68.3
260,,Appomattox County High,13,0,8,26,1,17,15,9,30,4,0,0,70,72,4,,,3,149,33,66,6,40,4,,Appomattox County  ,"Appomattox County, Virginia",15911,0.515,0.787,0.185,0.003,0.004,0.019,0.778,0.818,0.694,0.859,0.209,58696,28586,0.126,44.9
618,,Arlington Community High,0,0,0,17,40,,,,8,27,2,6,55,5,,,1,,61,29,7,8,16,1,,Arlington County  ,"Arlington County, Virginia",236842,0.499,0.75,0.097,0.006,0.11,0.156,0.427,0.957,0.913,0.943,0.753,120071,71841,0.076,7993.6
450,,Wakefield High,21,3,4,17,6,17,23,3,15,45,8,10,228,261,20,,,1,510,132,270,10,35,14,49,Arlington County  ,"Arlington County, Virginia",236842,0.499,0.75,0.097,0.006,0.11,0.156,0.427,0.957,0.913,0.943,0.753,120071,71841,0.076,7993.6
80,,Washington-Liberty High,7,6,1,17,15,27,36,7,16,48,11,11,162,407,7,,,,576,91,410,10,26,7,32,Arlington County  ,"Arlington County, Virginia",236842,0.499,0.75,0.097,0.006,0.11,0.156,0.427,0.957,0.913,0.943,0.753,120071,71841,0.076,7993.6
330,,Yorktown High,18,10,7,18,22,33,25,9,2,19,14,22,118,419,9,,,,546,59,453,11,16,3,4,Arlington County  ,"Arlington County, Virginia",236842,0.499,0.75,0.097,0.006,0.11,0.156,0.427,0.957,0.913,0.943,0.753,120071,71841,0.076,7993.6
660,,Buffalo Gap High,44,34,23,13,4,13,0,12,10,36,20,3,72,49,1,,,,122,54,28,12,27,1,,Augusta County  ,"Augusta County, Virginia",75558,0.492,0.928,0.047,0.003,0.006,0.031,0.793,0.867,0.758,0.874,0.227,62711,30272,0.073,76.3
670,,Fort Defiance High,,24,1,18,15,19,37,17,4,23,7,7,83,82,8,1,3,,177,44,52,6,52,13,10,Augusta County  ,"Augusta County, Virginia",75558,0.492,0.928,0.047,0.003,0.006,0.031,0.793,0.867,0.758,0.874,0.227,62711,30272,0.073,76.3
680,,Riverheads High,,18,3,8,14,12,,9,9,26,12,0,65,50,1,,,2,118,14,20,6,4,4,70,Augusta County  ,"Augusta County, Virginia",75558,0.492,0.928,0.047,0.003,0.006,0.031,0.793,0.867,0.758,0.874,0.227,62711,30272,0.073,76.3
730,,Stuarts Draft High,,27,2,21,14,18,20,8,7,32,15,5,81,72,2,,,2,157,46,45,,42,5,19,Augusta County  ,"Augusta County, Virginia",75558,0.492,0.928,0.047,0.003,0.006,0.031,0.793,0.867,0.758,0.874,0.227,62711,30272,0.073,76.3
720,,Wilson Memorial High,49,45,5,39,14,22,18,6,5,6,9,23,78,96,15,,,2,191,10,20,9,8,3,141,Augusta County  ,"Augusta County, Virginia",75558,0.492,0.928,0.047,0.003,0.006,0.031,0.793,0.867,0.758,0.874,0.227,62711,30272,0.073,76.3
140,,Bath County High,0,0,0,0,8,0,0,9,13,20,,2,9,18,3,,,,30,5,16,,8,1,,Bath County  ,"Bath County, Virginia",4147,0.494,0.929,0.048,0.002,0.005,0.022,0.753,0.788,0.686,0.903,0.159,49738,27527,0.099,8.9
1212,,Jefferson Forest High,9,41,0,7,0,2,4,30,3,15,4,0,100,216,13,,3,2,334,45,232,9,41,5,2,Bedford County  ,"Bedford County, Virginia",78997,0.508,0.896,0.072,0.004,0.012,0.024,0.821,0.868,0.761,0.9,0.292,64199,33678,0.086,91.2
1180,,Liberty High,5,30,,5,0,5,1,4,4,8,3,1,85,91,9,,,2,187,43,68,13,53,10,,Bedford County  ,"Bedford County, Virginia",78997,0.508,0.896,0.072,0.004,0.012,0.024,0.821,0.868,0.761,0.9,0.292,64199,33678,0.086,91.2
1190,,Staunton River High,5,21,3,3,,2,3,25,1,13,21,0,97,112,17,,2,,228,96,61,12,52,7,,Bedford County  ,"Bedford County, Virginia",78997,0.508,0.896,0.072,0.004,0.012,0.024,0.821,0.868,0.761,0.9,0.292,64199,33678,0.086,91.2
430,,James River High,5,23,15,19,26,0,10,14,13,11,12,4,60,77,,,,,137,56,36,9,30,4,2,Botetourt County  ,"Botetourt County, Virginia",33419,0.503,0.941,0.033,0.003,0.008,0.018,0.863,0.887,0.802,0.928,0.283,71110,35893,0.057,61.2
440,,Lord Botetourt High,27,0,3,17,28,4,20,6,13,22,14,1,91,173,8,,1,,273,65,140,5,45,7,11,Botetourt County  ,"Botetourt County, Virginia",33419,0.503,0.941,0.033,0.003,0.008,0.018,0.863,0.887,0.802,0.928,0.283,71110,35893,0.057,61.2
650,,Brunswick High,7,0,2,0,1,6,0,0,,2,4,6,84,41,4,,1,,130,25,44,6,47,2,6,Brunswick County  ,"Brunswick County, Virginia",16231,0.464,0.424,0.548,0.004,0.009,0.025,0.707,0.784,0.666,0.785,0.136,44434,21732,0.209,30.8
1000,,Council High ,4,25,15,0,0,6,0,13,4,19,0,12,5,11,,1,,1,18,10,2,3,2,,1,Buchanan County  ,"Buchanan County, Virginia",21004,0.494,0.953,0.034,0.002,0.004,0.009,0.773,0.726,0.647,0.701,0.118,31956,19496,0.217,47.9
990,,Grundy High,3,13,0,8,0,15,17,0,23,0,0,7,68,27,,2,,5,102,62,17,5,16,1,1,Buchanan County  ,"Buchanan County, Virginia",21004,0.494,0.953,0.034,0.002,0.004,0.009,0.773,0.726,0.647,0.701,0.118,31956,19496,0.217,47.9
1020,,Hurley High,10,2,0,0,15,4,0,2,8,5,15,12,45,5,,3,1,,54,21,15,3,12,2,1,Buchanan County  ,"Buchanan County, Virginia",21004,0.494,0.953,0.034,0.002,0.004,0.009,0.773,0.726,0.647,0.701,0.118,31956,19496,0.217,47.9
1042,,Twin Valley High,0,28,8,7,0,0,10,8,8,11,0,,28,10,,1,1,1,41,29,7,1,3,,1,Buchanan County  ,"Buchanan County, Virginia",21004,0.494,0.953,0.034,0.002,0.004,0.009,0.773,0.726,0.647,0.701,0.118,31956,19496,0.217,47.9
720,,Brookville High,2,15,3,12,0,0,0,3,14,0,17,19,108,117,3,,,5,233,67,91,14,49,8,4,Campbell County  ,"Campbell County, Virginia",54885,0.514,0.815,0.148,0.004,0.011,0.029,0.747,0.85,0.733,0.872,0.225,49664,27739,0.108,108.8
222,,Rustburg High,1,2,0,6,2,0,0,5,17,7,11,13,104,103,,,,1,208,58,87,6,42,9,6,Campbell County  ,"Campbell County, Virginia",54885,0.514,0.815,0.148,0.004,0.011,0.029,0.747,0.85,0.733,0.872,0.225,49664,27739,0.108,108.8
460,,Caroline High,3,11,5,11,8,4,6,28,11,1,0,0,138,122,6,,1,,267,77,112,8,56,14,,Caroline County  ,"Caroline County, Virginia",30725,0.505,0.672,0.272,0.008,0.011,0.052,0.792,0.881,0.736,0.851,0.199,65103,31568,0.096,54.1
1230,,Carroll County High,0,19,5,8,0,5,8,21,8,10,3,2,109,142,9,,,1,261,76,108,,65,12,,Carroll County  ,"Carroll County, Virginia",29791,0.504,0.972,0.009,0.003,0.002,0.039,0.783,0.783,0.679,0.808,0.15,44835,25449,0.139,63.3
460,,Randolph-Henry High,4,7,8,0,4,23,43,31,9,17,15,0,48,64,4,1,1,2,120,51,40,6,10,9,4,Charlotte County  ,"Charlotte County, Virginia",11880,0.504,0.699,0.276,0.004,0.003,0.023,0.713,0.713,0.597,0.832,0.109,40573,22018,0.193,26.5
30,,Carver College and Career Academy,13,0,0,,0,9,32,0,2,21,28,2,67,17,,2,2,19,107,42,19,7,32,6,1,Chesterfield County  ,"Chesterfield County, Virginia",352802,0.518,0.682,0.245,0.006,0.037,0.095,0.758,0.946,0.901,0.923,0.405,82599,37658,0.066,747.1
740,,Clover Hill High,24,10,21,38,5,11,42,25,13,17,28,3,165,295,9,,,,469,135,255,24,43,12,,Chesterfield County  ,"Chesterfield County, Virginia",352802,0.518,0.682,0.245,0.006,0.037,0.095,0.758,0.946,0.901,0.923,0.405,82599,37658,0.066,747.1
840,,Cosby High,40,22,22,24,7,10,31,35,8,15,22,2,125,402,10,,,,537,94,372,30,25,13,3,Chesterfield County  ,"Chesterfield County, Virginia",352802,0.518,0.682,0.245,0.006,0.037,0.095,0.758,0.946,0.901,0.923,0.405,82599,37658,0.066,747.1
770,,James River High,13,9,14,20,4,4,12,30,3,11,15,1,156,317,6,,,,479,114,282,19,49,10,5,Chesterfield County  ,"Chesterfield County, Virginia",352802,0.518,0.682,0.245,0.006,0.037,0.095,0.758,0.946,0.901,0.923,0.405,82599,37658,0.066,747.1
10,,Lloyd C. Bird High,11,5,5,14,0,6,0,18,11,1,9,15,220,185,5,,1,,411,126,155,30,89,11,,Chesterfield County  ,"Chesterfield County, Virginia",352802,0.518,0.682,0.245,0.006,0.037,0.095,0.758,0.946,0.901,0.923,0.405,82599,37658,0.066,747.1
632,,Manchester High,0,12,5,7,4,2,6,0,18,13,1,11,220,260,16,,,,496,137,216,39,85,14,5,Chesterfield County  ,"Chesterfield County, Virginia",352802,0.518,0.682,0.245,0.006,0.037,0.095,0.758,0.946,0.901,0.923,0.405,82599,37658,0.066,747.1
530,,Matoaca High,7,0,9,9,10,11,3,2,0,8,7,0,169,220,11,,1,,401,82,203,36,63,17,,Chesterfield County  ,"Chesterfield County, Virginia",352802,0.518,0.682,0.245,0.006,0.037,0.095,0.758,0.946,0.901,0.923,0.405,82599,37658,0.066,747.1
580,,Meadowbrook High,7,9,0,4,1,2,5,1,10,39,24,13,255,139,13,,,,407,137,123,22,111,14,,Chesterfield County  ,"Chesterfield County, Virginia",352802,0.518,0.682,0.245,0.006,0.037,0.095,0.758,0.946,0.901,0.923,0.405,82599,37658,0.066,747.1
320,,Midlothian High,13,29,0,24,13,23,25,15,7,24,7,2,88,287,13,,,,388,74,268,18,17,7,4,Chesterfield County  ,"Chesterfield County, Virginia",352802,0.518,0.682,0.245,0.006,0.037,0.095,0.758,0.946,0.901,0.923,0.405,82599,37658,0.066,747.1
280,,Monacan High,13,11,3,8,5,13,15,3,4,19,18,4,141,227,9,,,,377,79,222,16,50,10,,Chesterfield County  ,"Chesterfield County, Virginia",352802,0.518,0.682,0.245,0.006,0.037,0.095,0.758,0.946,0.901,0.923,0.405,82599,37658,0.066,747.1
610,,Thomas Dale High,5,6,0,6,3,9,11,4,9,24,8,12,288,321,12,,,1,622,181,255,25,128,32,1,Chesterfield County  ,"Chesterfield County, Virginia",352802,0.518,0.682,0.245,0.006,0.037,0.095,0.758,0.946,0.901,0.923,0.405,82599,37658,0.066,747.1
10,,Clarke County High,,21,0,6,5,14,7,2,2,2,13,24,39,124,3,,,,166,42,75,9,29,10,1,Clarke County  ,"Clarke County, Virginia",14619,0.505,0.906,0.047,0.007,0.014,0.064,0.75,0.909,0.787,0.891,0.322,80026,41332,0.063,79.7
480,,Culpeper County High,19,3,19,30,10,6,27,8,16,17,2,20,125,140,3,,1,1,270,106,93,17,35,16,3,Culpeper County  ,"Culpeper County, Virginia",52605,0.501,0.794,0.146,0.008,0.017,0.116,0.727,0.899,0.835,0.861,0.257,77935,32028,0.092,123.1
50,,Eastern View High,2,18,0,9,7,18,,0,18,9,0,2,159,171,1,,,,331,135,110,,70,16,,Culpeper County  ,"Culpeper County, Virginia",52605,0.501,0.794,0.146,0.008,0.017,0.116,0.727,0.899,0.835,0.861,0.257,77935,32028,0.092,123.1
151,,Cumberland High,0,3,0,8,6,24,6,30,9,0,22,3,44,57,4,,,,105,5,34,3,59,4,,Cumberland County  ,"Cumberland County, Virginia",9932,0.516,0.658,0.305,0.008,0.005,0.032,0.739,0.796,0.606,0.835,0.149,47469,25138,0.138,33.8
275,,Ridgeview High,5,2,10,0,4,6,17,3,1,6,17,0,92,50,4,,,3,149,46,26,3,62,,12,Dickenson County  ,"Dickenson County, Virginia",14318,0.491,0.982,0.005,0.003,0.002,0.011,0.757,0.745,0.623,0.774,0.107,29932,24978,0.242,48.1
500,,Dinwiddie County High,2,16,13,15,4,2,6,4,23,,8,7,168,142,12,1,1,3,327,94,105,8,99,11,10,Dinwiddie County  ,"Dinwiddie County, Virginia",28544,0.51,0.648,0.322,0.004,0.008,0.038,0.772,0.858,0.745,0.832,0.186,60346,28922,0.107,55.6
10,,Essex High,2,,2,0,1,5,0,9,2,,5,6,47,45,6,,,,98,33,34,9,18,3,1,Essex County  ,"Essex County, Virginia",10953,0.531,0.573,0.374,0.009,0.012,0.039,0.671,0.807,0.614,0.823,0.174,51954,26847,0.162,43.4
660,,Annandale High,26,23,12,19,4,19,5,8,15,0,11,45,240,204,7,,,,451,99,185,12,4,5,146,Fairfax County  ,"Fairfax County, Virginia",1147532,0.504,0.647,0.106,0.005,0.201,0.165,0.68,0.972,0.939,0.925,0.616,124831,56231,0.06,2766.8
200,,Centreville High,8,35,19,3,31,22,27,30,0,16,28,4,179,422,19,,,2,622,110,391,10,9,8,94,Fairfax County  ,"Fairfax County, Virginia",1147532,0.504,0.647,0.106,0.005,0.201,0.165,0.68,0.972,0.939,0.925,0.616,124831,56231,0.06,2766.8
131,,Chantilly High,31,16,13,44,28,31,35,0,11,34,25,7,155,500,18,,1,,674,124,492,19,12,6,21,Fairfax County  ,"Fairfax County, Virginia",1147532,0.504,0.647,0.106,0.005,0.201,0.165,0.68,0.972,0.939,0.925,0.616,124831,56231,0.06,2766.8
1270,,Edison High,14,5,22,13,14,19,0,0,0,0,1,,222,300,18,,,1,541,122,244,16,9,13,137,Fairfax County  ,"Fairfax County, Virginia",1147532,0.504,0.647,0.106,0.005,0.201,0.165,0.68,0.972,0.939,0.925,0.616,124831,56231,0.06,2766.8
190,,Fairfax County Adult High,0,0,0,0,0,0,12,29,5,28,11,3,119,,,2,,,121,13,,9,80,,19,Fairfax County  ,"Fairfax County, Virginia",1147532,0.504,0.647,0.106,0.005,0.201,0.165,0.68,0.972,0.939,0.925,0.616,124831,56231,0.06,2766.8
20,,Fairfax High,33,20,19,25,4,7,30,1,12,18,4,20,198,393,5,,,2,598,123,374,9,18,5,69,Fairfax County  ,"Fairfax County, Virginia",1147532,0.504,0.647,0.106,0.005,0.201,0.165,0.68,0.972,0.939,0.925,0.616,124831,56231,0.06,2766.8
1100,,Falls Church High,17,12,21,0,8,19,2,26,9,2,31,15,204,242,11,1,,2,460,122,181,10,16,3,128,Fairfax County  ,"Fairfax County, Virginia",1147532,0.504,0.647,0.106,0.005,0.201,0.165,0.68,0.972,0.939,0.925,0.616,124831,56231,0.06,2766.8
32,,Herndon High,13,11,1,6,27,18,2,15,5,18,7,16,196,304,10,,1,1,512,145,246,13,98,7,3,Fairfax County  ,"Fairfax County, Virginia",1147532,0.504,0.647,0.106,0.005,0.201,0.165,0.68,0.972,0.939,0.925,0.616,124831,56231,0.06,2766.8
1070,,Justice High,16,1,21,52,17,49,22,1,39,34,41,41,224,275,5,,,1,505,157,228,12,56,6,46,Fairfax County  ,"Fairfax County, Virginia",1147532,0.504,0.647,0.106,0.005,0.201,0.165,0.68,0.972,0.939,0.925,0.616,124831,56231,0.06,2766.8
1460,,Langley High,10,6,26,19,6,10,2,21,8,9,13,0,74,402,3,,,,479,28,421,3,3,,24,Fairfax County  ,"Fairfax County, Virginia",1147532,0.504,0.647,0.106,0.005,0.201,0.165,0.68,0.972,0.939,0.925,0.616,124831,56231,0.06,2766.8
1060,,Madison High,16,40,7,22,19,2,31,23,32,26,9,19,99,436,2,,,,537,52,449,6,27,3,,Fairfax County  ,"Fairfax County, Virginia",1147532,0.504,0.647,0.106,0.005,0.201,0.165,0.68,0.972,0.939,0.925,0.616,124831,56231,0.06,2766.8
1290,,Marshall High,60,20,0,30,7,23,18,36,38,0,19,49,154,370,5,,1,1,531,62,386,14,6,4,59,Fairfax County  ,"Fairfax County, Virginia",1147532,0.504,0.647,0.106,0.005,0.201,0.165,0.68,0.972,0.939,0.925,0.616,124831,56231,0.06,2766.8
790,,McLean High,6,52,33,8,37,35,41,39,6,3,23,9,104,440,7,,,,551,65,446,17,8,4,11,Fairfax County  ,"Fairfax County, Virginia",1147532,0.504,0.647,0.106,0.005,0.201,0.165,0.68,0.972,0.939,0.925,0.616,124831,56231,0.06,2766.8
420,,Mount Vernon High,3,14,1,14,5,7,12,1,0,2,0,0,239,181,7,,,1,428,113,147,30,83,17,38,Fairfax County  ,"Fairfax County, Virginia",1147532,0.504,0.647,0.106,0.005,0.201,0.165,0.68,0.972,0.939,0.925,0.616,124831,56231,0.06,2766.8
2211,,Mountain View High,0,13,5,4,,0,0,17,29,1,32,11,121,3,,,,,124,38,25,13,23,8,17,Fairfax County  ,"Fairfax County, Virginia",1147532,0.504,0.647,0.106,0.005,0.201,0.165,0.68,0.972,0.939,0.925,0.616,124831,56231,0.06,2766.8
1710,,Oakton High,3,28,26,44,43,3,9,25,2,24,16,3,127,510,5,,1,,643,54,493,8,3,4,81,Fairfax County  ,"Fairfax County, Virginia",1147532,0.504,0.647,0.106,0.005,0.201,0.165,0.68,0.972,0.939,0.925,0.616,124831,56231,0.06,2766.8
2241,,South County High,29,16,19,27,0,14,42,18,7,32,0,0,171,345,15,,,3,534,104,345,16,12,11,46,Fairfax County  ,"Fairfax County, Virginia",1147532,0.504,0.647,0.106,0.005,0.201,0.165,0.68,0.972,0.939,0.925,0.616,124831,56231,0.06,2766.8
1990,,South Lakes High,21,8,25,28,2,59,97,56,100,78,58,94,205,343,8,,,,556,115,351,23,19,4,44,Fairfax County  ,"Fairfax County, Virginia",1147532,0.504,0.647,0.106,0.005,0.201,0.165,0.68,0.972,0.939,0.925,0.616,124831,56231,0.06,2766.8
1371,,Thomas Jefferson High for Science and Technology,63,86,94,,7,24,4,19,15,1,21,12,,443,,,,,443,1,440,1,,,1,Fairfax County  ,"Fairfax County, Virginia",1147532,0.504,0.647,0.106,0.005,0.201,0.165,0.68,0.972,0.939,0.925,0.616,124831,56231,0.06,2766.8
900,,West Potomac High,13,9,3,13,53,19,52,31,4,36,19,27,301,327,11,,,,639,107,305,22,8,14,183,Fairfax County  ,"Fairfax County, Virginia",1147532,0.504,0.647,0.106,0.005,0.201,0.165,0.68,0.972,0.939,0.925,0.616,124831,56231,0.06,2766.8
1610,,West Springfield High,35,0,9,29,3,23,15,7,29,15,20,23,146,368,4,,,1,519,121,347,11,34,5,1,Fairfax County  ,"Fairfax County, Virginia",1147532,0.504,0.647,0.106,0.005,0.201,0.165,0.68,0.972,0.939,0.925,0.616,124831,56231,0.06,2766.8
2228,,Westfield High,0,18,56,13,37,33,13,40,28,33,35,0,224,384,14,,1,1,624,166,359,18,15,15,51,Fairfax County  ,"Fairfax County, Virginia",1147532,0.504,0.647,0.106,0.005,0.201,0.165,0.68,0.972,0.939,0.925,0.616,124831,56231,0.06,2766.8
1260,,Woodson High,6,27,2,7,12,1,11,2,11,3,8,0,130,422,7,,,2,561,91,412,17,15,4,22,Fairfax County  ,"Fairfax County, Virginia",1147532,0.504,0.647,0.106,0.005,0.201,0.165,0.68,0.972,0.939,0.925,0.616,124831,56231,0.06,2766.8
701,,Fauquier High,8,0,26,0,17,13,0,1,14,3,0,14,138,197,18,4,,,357,79,194,17,48,7,12,Fauquier County  ,"Fauquier County, Virginia",71222,0.506,0.87,0.078,0.005,0.017,0.092,0.783,0.923,0.883,0.925,0.364,100783,45408,0.061,100.7
510,,Kettle Run High,4,5,5,19,2,9,4,0,13,2,10,3,106,188,15,,,1,310,57,194,7,21,15,16,Fauquier County  ,"Fauquier County, Virginia",71222,0.506,0.87,0.078,0.005,0.017,0.092,0.783,0.923,0.883,0.925,0.364,100783,45408,0.061,100.7
851,,Liberty High,7,9,9,9,62,0,6,2,0,27,8,5,174,129,18,7,,4,332,103,104,19,40,17,49,Fauquier County  ,"Fauquier County, Virginia",71222,0.506,0.87,0.078,0.005,0.017,0.092,0.783,0.923,0.883,0.925,0.364,100783,45408,0.061,100.7
660,,Floyd County High,21,8,5,15,8,11,10,9,8,29,0,17,67,81,10,,,,158,45,60,3,37,3,10,Floyd County  ,"Floyd County, Virginia",15749,0.496,0.955,0.02,0.002,0.005,0.03,0.811,0.816,0.736,0.87,0.221,51521,26882,0.114,40.2
260,,Fluvanna County High,0,5,20,21,2,3,26,9,12,18,15,15,121,163,7,,,,291,101,114,29,38,8,1,Fluvanna County  ,"Fluvanna County, Virginia",27270,0.542,0.807,0.153,0.004,0.009,0.038,0.85,0.922,0.858,0.911,0.339,76873,39633,0.073,89.8
1311,,Franklin County High,,5,18,7,19,15,,4,30,10,14,19,218,254,10,,,,482,170,142,44,99,20,7,Franklin County  ,"Franklin County, Virginia",56042,0.508,0.896,0.079,0.005,0.005,0.029,0.817,0.835,0.735,0.881,0.219,56254,30487,0.115,81.3
30,,James Wood High,7,3,22,6,22,14,2,14,2,9,31,4,143,183,8,,,,334,62,158,11,55,19,29,Frederick County  ,"Frederick County, Virginia",89313,0.502,0.905,0.047,0.005,0.018,0.093,0.776,0.905,0.813,0.892,0.283,78002,35123,0.065,189.4
584,,Millbrook High,8,27,10,27,34,1,15,1,10,28,2,6,140,182,11,1,,,334,31,224,12,43,15,9,Frederick County  ,"Frederick County, Virginia",89313,0.502,0.905,0.047,0.005,0.018,0.093,0.776,0.905,0.813,0.892,0.283,78002,35123,0.065,189.4
581,,Sherando High,27,2,23,19,2,25,8,11,39,7,10,8,139,171,13,,,1,324,29,195,21,50,17,12,Frederick County  ,"Frederick County, Virginia",89313,0.502,0.905,0.047,0.005,0.018,0.093,0.776,0.905,0.813,0.892,0.283,78002,35123,0.065,189.4
461,,Giles High,28,3,5,14,,10,7,3,14,22,14,0,79,24,7,,,,110,34,38,3,24,6,5,Giles County  ,"Giles County, Virginia",16720,0.506,0.963,0.016,0.003,0.006,0.018,0.751,0.806,0.737,0.889,0.181,54520,27137,0.114,48.6
470,,Narrows High,13,2,4,19,8,5,16,0,2,0,7,29,45,12,,,,,57,15,25,2,14,,1,Giles County  ,"Giles County, Virginia",16720,0.506,0.963,0.016,0.003,0.006,0.018,0.751,0.806,0.737,0.889,0.181,54520,27137,0.114,48.6
260,,Gloucester High,8,15,26,0,1,14,7,17,6,9,9,23,201,196,18,,1,10,426,123,140,20,108,35,,Gloucester County  ,"Gloucester County, Virginia",37348,0.508,0.878,0.08,0.006,0.009,0.038,0.782,0.911,0.85,0.896,0.233,70537,33692,0.086,169.2
220,,Goochland High,3,3,7,8,0,4,4,9,14,0,5,,48,153,7,,1,,209,36,116,8,38,10,1,Goochland County  ,"Goochland County, Virginia",23753,0.509,0.804,0.158,0.004,0.017,0.031,0.849,0.908,0.832,0.914,0.418,93994,51720,0.062,77.2
421,,Grayson County High,4,15,22,0,1,8,12,,4,12,23,,70,51,5,,,,126,72,24,3,23,4,,Grayson County  ,"Grayson County, Virginia",15550,0.486,0.925,0.057,0.003,0.002,0.038,0.813,0.782,0.692,0.813,0.137,36544,21663,0.188,35.1
72,,William Monroe High,2,3,0,1,10,4,16,23,5,1,7,2,88,124,7,,,,219,55,81,5,75,3,,Greene County  ,"Greene County, Virginia",19819,0.513,0.876,0.073,0.004,0.02,0.06,0.776,0.922,0.853,0.861,0.29,67398,32508,0.076,117.8
200,,Greensville County High,5,7,0,4,1,4,0,5,5,14,5,3,84,59,6,,,,149,35,84,11,15,1,3,Greensville County  ,"Greensville County, Virginia",11336,0.372,0.378,0.602,0.003,0.007,0.028,0.733,0.795,0.632,0.778,0.092,50300,19550,0.245,41.5
10,,Halifax County High,7,14,1,21,2,6,0,10,3,5,5,1,216,112,16,,,,344,117,170,10,24,7,16,Halifax County  ,"Halifax County, Virginia",33911,0.521,0.612,0.363,0.004,0.007,0.022,0.741,0.681,0.572,0.815,0.154,42669,23909,0.171,44.3
62,,Atlee High,20,13,17,7,19,9,17,21,7,8,37,17,96,280,1,,,4,381,62,277,9,21,12,,Hanover County  ,"Hanover County, Virginia",107766,0.51,0.86,0.095,0.005,0.019,0.031,0.825,0.93,0.86,0.931,0.398,89390,41200,0.051,213.1
554,,Hanover High,12,4,16,1,8,4,11,18,5,6,24,8,80,224,5,1,,,310,49,228,4,18,11,,Hanover County  ,"Hanover County, Virginia",107766,0.51,0.86,0.095,0.005,0.019,0.031,0.825,0.93,0.86,0.931,0.398,89390,41200,0.051,213.1
370,,Lee Davis High,3,5,11,1,15,2,10,6,2,5,27,4,123,209,8,,,1,341,106,172,18,31,12,2,Hanover County  ,"Hanover County, Virginia",107766,0.51,0.86,0.095,0.005,0.019,0.031,0.825,0.93,0.86,0.931,0.398,89390,41200,0.051,213.1
400,,Patrick Henry High,13,8,4,1,11,5,14,7,2,5,,3,127,232,4,,,2,365,62,233,4,47,17,2,Hanover County  ,"Hanover County, Virginia",107766,0.51,0.86,0.095,0.005,0.019,0.031,0.825,0.93,0.86,0.931,0.398,89390,41200,0.051,213.1
160,,Deep Run High,22,32,27,5,35,10,26,32,1,15,36,29,58,367,7,,,,432,40,361,6,18,4,3,Henrico County  ,"Henrico County, Virginia",330818,0.526,0.57,0.309,0.004,0.091,0.06,0.627,0.92,0.862,0.917,0.437,70307,39516,0.087,1313.4
410,,Douglas S. Freeman High,12,9,20,1,27,5,19,14,1,9,41,0,139,274,10,,1,5,429,65,254,36,61,9,4,Henrico County  ,"Henrico County, Virginia",330818,0.526,0.57,0.309,0.004,0.091,0.06,0.627,0.92,0.862,0.917,0.437,70307,39516,0.087,1313.4
96,,Glen Allen High,8,4,17,4,27,7,26,20,6,0,5,20,115,317,7,,,,439,116,275,6,28,10,4,Henrico County  ,"Henrico County, Virginia",330818,0.526,0.57,0.309,0.004,0.091,0.06,0.627,0.92,0.862,0.917,0.437,70307,39516,0.087,1313.4
610,,Henrico High,,1,2,9,0,20,5,11,9,1,6,11,186,186,21,,1,2,396,81,192,35,67,15,6,Henrico County  ,"Henrico County, Virginia",330818,0.526,0.57,0.309,0.004,0.091,0.06,0.627,0.92,0.862,0.917,0.437,70307,39516,0.087,1313.4
670,,Hermitage High,3,2,8,8,1,9,1,4,10,2,0,2,234,148,7,1,,2,392,40,93,9,39,5,206,Henrico County  ,"Henrico County, Virginia",330818,0.526,0.57,0.309,0.004,0.091,0.06,0.627,0.92,0.862,0.917,0.437,70307,39516,0.087,1313.4
190,,Highland Springs High,11,11,2,4,4,0,3,2,5,3,3,9,236,171,16,,,7,430,56,146,20,76,13,119,Henrico County  ,"Henrico County, Virginia",330818,0.526,0.57,0.309,0.004,0.091,0.06,0.627,0.92,0.862,0.917,0.437,70307,39516,0.087,1313.4
600,,John Randolph Tucker High,31,,4,7,14,3,26,4,12,13,0,17,200,185,11,,1,1,398,112,186,30,49,10,11,Henrico County  ,"Henrico County, Virginia",330818,0.526,0.57,0.309,0.004,0.091,0.06,0.627,0.92,0.862,0.917,0.437,70307,39516,0.087,1313.4
140,,Mills E. Godwin High,42,0,10,15,17,4,32,9,36,25,3,5,115,347,4,,,,466,81,294,20,33,7,31,Henrico County  ,"Henrico County, Virginia",330818,0.526,0.57,0.309,0.004,0.091,0.06,0.627,0.92,0.862,0.917,0.437,70307,39516,0.087,1313.4
580,,Varina High,7,0,0,1,6,1,4,1,1,0,1,4,220,159,22,,1,3,405,69,113,74,94,8,47,Henrico County  ,"Henrico County, Virginia",330818,0.526,0.57,0.309,0.004,0.091,0.06,0.627,0.92,0.862,0.917,0.437,70307,39516,0.087,1313.4
10,,Bassett High,15,2,8,13,0,38,0,6,20,9,8,15,149,116,10,,1,2,278,148,68,4,50,8,,Henry County  ,"Henry County, Virginia",50557,0.519,0.744,0.226,0.004,0.005,0.058,0.719,0.802,0.702,0.801,0.139,37952,22372,0.146,141.6
20,,Magna Vista High,5,11,9,0,3,4,2,6,5,7,3,7,146,101,16,,4,6,273,133,71,17,19,4,29,Henry County  ,"Henry County, Virginia",50557,0.519,0.744,0.226,0.004,0.005,0.058,0.719,0.802,0.702,0.801,0.139,37952,22372,0.146,141.6
40,,Smithfield High,2,13,18,1,10,10,25,23,9,4,16,6,121,177,2,,,4,304,75,163,23,29,14,,Isle of Wight County  ,"Isle of Wight County, Virginia",37109,0.51,0.727,0.232,0.005,0.01,0.034,0.758,0.891,0.781,0.879,0.27,73991,37126,0.091,111.8
250,,Windsor High,18,18,0,8,4,10,0,9,7,24,5,2,46,63,3,,4,1,117,29,45,12,25,5,1,Isle of Wight County  ,"Isle of Wight County, Virginia",37109,0.51,0.727,0.232,0.005,0.01,0.034,0.758,0.891,0.781,0.879,0.27,73991,37126,0.091,111.8
120,,King George High,,0,2,26,8,14,17,8,3,15,0,19,126,178,14,,,,318,103,116,29,39,25,6,King George County  ,"King George County, Virginia",26836,0.494,0.779,0.161,0.008,0.016,0.058,0.788,0.956,0.899,0.933,0.36,94274,38739,0.059,131.3
280,,Central High,0,6,0,0,0,0,3,13,6,,10,0,24,14,,,,,38,9,12,1,15,1,,King and Queen County  ,"King and Queen County, Virginia",7025,0.49,0.69,0.262,0.017,0.005,0.031,0.835,0.799,0.606,0.881,0.236,63982,31174,0.117,22
130,,King William High,20,2,4,0,11,,10,2,3,4,17,25,118,65,3,,,2,188,50,56,3,69,5,5,King William County  ,"King William County, Virginia",17148,0.511,0.794,0.154,0.015,0.011,0.029,0.874,0.896,0.74,0.921,0.21,66987,30704,0.069,58.2
10,,Lancaster High,2,7,0,7,2,0,0,2,10,,4,9,50,35,3,,,,88,32,34,3,9,9,1,Lancaster County  ,"Lancaster County, Virginia",10603,0.527,0.69,0.284,0.004,0.008,0.025,0.759,0.846,0.723,0.904,0.315,53711,40062,0.133,85.5
300,,Lee High,7,9,46,,15,13,21,6,6,10,4,8,98,55,11,,2,1,167,81,34,6,37,1,8,Lee County  ,"Lee County, Virginia",23423,0.479,0.945,0.037,0.004,0.003,0.02,0.708,0.723,0.485,0.767,0.112,32888,19720,0.271,58.8
880,,Thomas Walker High,1,13,2,5,3,,0,11,52,,6,38,37,13,1,,,,51,27,6,6,6,3,3,Lee County  ,"Lee County, Virginia",23423,0.479,0.945,0.037,0.004,0.003,0.02,0.708,0.723,0.485,0.767,0.112,32888,19720,0.271,58.8
420,,Briar Woods High ,24,3,17,7,21,42,15,12,44,4,30,22,45,395,4,,,2,446,44,381,4,6,6,5,Loudoun County  ,"Loudoun County, Virginia",413538,0.504,0.67,0.081,0.005,0.203,0.139,0.78,0.975,0.946,0.939,0.613,142299,55744,0.031,605.8
740,,Broad Run High,1,36,4,25,35,5,9,50,5,19,20,2,110,278,1,1,,,390,104,250,8,21,7,,Loudoun County  ,"Loudoun County, Virginia",413538,0.504,0.67,0.081,0.005,0.203,0.139,0.78,0.975,0.946,0.939,0.613,142299,55744,0.031,605.8
120,,Freedom High ,26,2,25,40,13,10,48,,6,12,37,4,70,411,2,,,,483,67,375,15,11,4,11,Loudoun County  ,"Loudoun County, Virginia",413538,0.504,0.67,0.081,0.005,0.203,0.139,0.78,0.975,0.946,0.939,0.613,142299,55744,0.031,605.8
370,,John Champe High School,13,3,20,35,36,10,38,3,27,22,4,8,118,429,8,,,1,556,83,421,7,15,9,21,Loudoun County  ,"Loudoun County, Virginia",413538,0.504,0.67,0.081,0.005,0.203,0.139,0.78,0.975,0.946,0.939,0.613,142299,55744,0.031,605.8
660,,Loudoun County High,3,15,35,9,9,38,5,21,14,2,9,4,118,265,7,3,,3,396,85,246,11,40,6,8,Loudoun County  ,"Loudoun County, Virginia",413538,0.504,0.67,0.081,0.005,0.203,0.139,0.78,0.975,0.946,0.939,0.613,142299,55744,0.031,605.8
680,,Loudoun Valley High,20,24,11,3,16,0,1,18,14,1,14,1,77,255,3,,,4,339,67,230,10,18,8,6,Loudoun County  ,"Loudoun County, Virginia",413538,0.504,0.67,0.081,0.005,0.203,0.139,0.78,0.975,0.946,0.939,0.613,142299,55744,0.031,605.8
60,,Park View High,11,14,5,11,44,4,21,12,3,18,0,16,199,168,7,2,,2,378,117,109,13,66,13,60,Loudoun County  ,"Loudoun County, Virginia",413538,0.504,0.67,0.081,0.005,0.203,0.139,0.78,0.975,0.946,0.939,0.613,142299,55744,0.031,605.8
140,,Potomac Falls High,43,8,10,51,0,4,39,23,2,14,5,28,131,265,5,,,4,405,92,242,13,47,7,4,Loudoun County  ,"Loudoun County, Virginia",413538,0.504,0.67,0.081,0.005,0.203,0.139,0.78,0.975,0.946,0.939,0.613,142299,55744,0.031,605.8
1050,,Riverside High,39,17,11,43,7,27,27,1,20,4,24,32,77,385,7,,,,469,53,381,16,8,3,8,Loudoun County  ,"Loudoun County, Virginia",413538,0.504,0.67,0.081,0.005,0.203,0.139,0.78,0.975,0.946,0.939,0.613,142299,55744,0.031,605.8
850,,Stone Bridge High,13,17,42,,50,31,2,12,30,28,26,47,94,318,8,,,3,423,85,310,11,8,4,5,Loudoun County  ,"Loudoun County, Virginia",413538,0.504,0.67,0.081,0.005,0.203,0.139,0.78,0.975,0.946,0.939,0.613,142299,55744,0.031,605.8
560,,Central High,3,17,0,10,9,0,10,11,7,,14,8,49,40,9,,,2,100,33,41,7,11,7,1,Lunenburg County  ,"Lunenburg County, Virginia",12196,0.471,0.629,0.339,0.005,0.003,0.054,0.718,0.667,0.561,0.778,0.113,44303,19848,0.192,29.9
221,,Madison County High,19,0,2,12,14,0,11,0,7,4,0,4,49,92,3,1,,,145,46,54,12,28,5,,Madison County  ,"Madison County, Virginia",13261,0.516,0.869,0.093,0.003,0.006,0.032,0.745,0.846,0.707,0.861,0.234,57895,30777,0.093,41.5
190,,Mathews High,0,0,0,14,0,4,2,6,0,13,,5,54,36,5,,,1,96,28,28,4,29,6,1,Mathews County  ,"Mathews County, Virginia",8834,0.516,0.881,0.085,0.003,0.009,0.027,0.85,0.845,0.709,0.905,0.279,64237,35731,0.088,104.5
980,,Bluestone  High,14,0,9,11,1,3,7,2,0,8,0,7,80,49,7,,,,136,13,35,4,7,3,74,Mecklenburg County  ,"Mecklenburg County, Virginia",30587,0.513,0.622,0.346,0.004,0.008,0.031,0.711,0.733,0.607,0.819,0.202,43207,25056,0.173,52.3
990,,Park View High,24,3,10,14,6,22,6,14,20,6,3,13,78,77,6,,,,161,22,48,10,1,7,73,Mecklenburg County  ,"Mecklenburg County, Virginia",30587,0.513,0.622,0.346,0.004,0.008,0.031,0.711,0.733,0.607,0.819,0.202,43207,25056,0.173,52.3
90,,Middlesex High,0,12,33,1,2,33,9,5,6,4,1,10,56,31,4,,,,91,36,19,7,18,5,6,Middlesex County  ,"Middlesex County, Virginia",10582,0.509,0.801,0.166,0.005,0.005,0.029,0.787,0.848,0.67,0.871,0.215,57438,31502,0.138,84.1
650,,Auburn High,4,13,1,10,18,3,21,0,1,14,29,0,44,44,2,,,,90,38,35,1,15,1,,Montgomery County  ,"Montgomery County, Virginia",98535,0.483,0.865,0.043,0.003,0.063,0.035,0.554,0.936,0.878,0.932,0.455,57977,30054,0.205,243.9
760,,Blacksburg High,4,22,7,6,33,16,35,41,7,8,31,0,61,218,5,,,1,285,76,190,2,12,1,4,Montgomery County  ,"Montgomery County, Virginia",98535,0.483,0.865,0.043,0.003,0.063,0.035,0.554,0.936,0.878,0.932,0.455,57977,30054,0.205,243.9
770,,Christiansburg High,3,15,15,3,24,7,14,0,3,0,0,10,85,113,13,,,3,214,64,104,16,21,8,1,Montgomery County  ,"Montgomery County, Virginia",98535,0.483,0.865,0.043,0.003,0.063,0.035,0.554,0.936,0.878,0.932,0.455,57977,30054,0.205,243.9
904,,Eastern Montgomery High,0,0,0,6,0,26,3,6,,0,6,29,40,23,1,,,,64,24,15,,24,1,,Montgomery County  ,"Montgomery County, Virginia",98535,0.483,0.865,0.043,0.003,0.063,0.035,0.554,0.936,0.878,0.932,0.455,57977,30054,0.205,243.9
710,,Nelson County High,5,13,32,6,0,17,6,10,6,1,3,26,61,63,2,,,5,131,29,44,3,50,4,1,Nelson County  ,"Nelson County, Virginia",14930,0.517,0.85,0.114,0.006,0.008,0.043,0.764,0.87,0.685,0.857,0.304,64313,35489,0.118,31.9
20,,New Kent High ,19,3,13,13,4,19,4,19,8,14,4,9,92,129,5,,1,2,229,71,78,16,54,10,,New Kent County  ,"New Kent County, Virginia",23091,0.491,0.808,0.139,0.011,0.012,0.036,0.865,0.932,0.791,0.927,0.269,87904,38080,0.05,87.9
40,,Northumberland High,3,7,4,15,14,2,7,4,7,13,11,,56,56,4,,,,116,37,40,10,20,9,,Northumberland County  ,"Northumberland County, Virginia",12095,0.51,0.724,0.25,0.002,0.005,0.038,0.892,0.872,0.775,0.91,0.289,62632,36261,0.127,64.5
301,,Nottoway High,3,4,,4,7,14,22,13,14,13,3,16,60,68,6,,,,134,55,41,14,19,5,,Nottoway County  ,"Nottoway County, Virginia",15232,0.459,0.575,0.393,0.008,0.006,0.048,0.647,0.779,0.652,0.797,0.148,45535,24571,0.215,50.4
330,,Orange County High ,1,18,33,8,2,13,0,7,13,14,0,3,174,204,12,,1,3,394,140,104,31,97,17,5,Orange County  ,"Orange County, Virginia",37051,0.511,0.822,0.133,0.005,0.011,0.056,0.788,0.89,0.783,0.887,0.251,71548,32292,0.097,98.2
110,,Luray High,2,16,0,1,4,15,5,10,0,14,0,13,56,65,4,,,,125,24,30,10,37,10,14,Page County  ,"Page County, Virginia",23902,0.505,0.955,0.022,0.003,0.005,0.022,0.711,0.77,0.671,0.826,0.137,51792,25170,0.113,77.3
380,,Page County High,5,18,,2,7,8,7,17,0,12,0,20,50,75,2,,,,127,23,43,4,40,2,15,Page County  ,"Page County, Virginia",23902,0.505,0.955,0.022,0.003,0.005,0.022,0.711,0.77,0.671,0.826,0.137,51792,25170,0.113,77.3
700,,Patrick County High,20,11,16,58,12,8,11,0,13,0,0,0,72,65,2,,2,3,144,72,29,6,29,3,5,Patrick County  ,"Patrick County, Virginia",17608,0.504,0.925,0.053,0.006,0.003,0.032,0.79,0.778,0.668,0.802,0.152,43073,24292,0.155,38.3
1720,,Chatham High,6,4,22,4,27,25,4,0,9,9,0,17,81,59,3,,,,143,56,52,3,30,2,,Pittsylvania County  ,"Pittsylvania County, Virginia",60354,0.508,0.762,0.215,0.003,0.005,0.028,0.754,0.825,0.716,0.827,0.145,47690,26032,0.151,65.5
1700,,Gretna High,3,8,4,12,10,1,3,8,8,0,5,3,90,59,3,,,1,153,60,52,3,36,2,,Pittsylvania County  ,"Pittsylvania County, Virginia",60354,0.508,0.762,0.215,0.003,0.005,0.028,0.754,0.825,0.716,0.827,0.145,47690,26032,0.151,65.5
1730,,Tunstall High,27,0,18,22,6,21,5,15,0,17,6,28,88,113,4,,,,205,111,65,1,25,1,2,Pittsylvania County  ,"Pittsylvania County, Virginia",60354,0.508,0.762,0.215,0.003,0.005,0.028,0.754,0.825,0.716,0.827,0.145,47690,26032,0.151,65.5
11,,Powhatan High,,6,5,9,2,5,5,11,23,0,5,18,125,197,9,,5,,336,102,118,30,74,12,,Powhatan County  ,"Powhatan County, Virginia",29652,0.483,0.88,0.092,0.004,0.006,0.023,0.901,0.944,0.895,0.899,0.292,89090,37424,0.054,107.8
400,,Prince Edward County High,0,11,7,1,7,1,7,24,2,0,0,0,73,51,17,,,,141,34,60,15,28,3,1,Prince Edward County  ,"Prince Edward County, Virginia",22802,0.5,0.634,0.328,0.003,0.014,0.03,0.644,0.78,0.667,0.86,0.268,47202,21017,0.206,66.8
20,,Prince George High,6,14,13,2,11,5,7,9,10,12,42,,239,189,6,,,1,435,125,142,3,129,36,,Prince George County  ,"Prince George County, Virginia",38353,0.463,0.603,0.326,0.007,0.022,0.086,0.676,0.911,0.833,0.906,0.236,71912,29420,0.083,134.7
290,,Battlefield High ,11,28,34,2,31,17,24,30,6,11,28,10,220,550,13,,,1,784,221,470,28,43,22,,Prince William County  ,"Prince William County, Virginia",470335,0.5,0.624,0.222,0.011,0.094,0.245,0.733,0.972,0.942,0.885,0.411,107132,40932,0.061,1195
530,,Brentsville District High,17,14,7,12,14,11,23,5,5,24,0,3,145,92,4,,,2,243,73,93,15,24,4,34,Prince William County  ,"Prince William County, Virginia",470335,0.5,0.624,0.222,0.011,0.094,0.245,0.733,0.972,0.942,0.885,0.411,107132,40932,0.061,1195
710,,C.D. Hylton High,13,8,3,11,9,6,9,3,12,36,18,6,303,226,12,,1,1,543,152,226,24,46,31,64,Prince William County  ,"Prince William County, Virginia",470335,0.5,0.624,0.222,0.011,0.094,0.245,0.733,0.972,0.942,0.885,0.411,107132,40932,0.061,1195
5010,,Charles J. Colgan Sr. High,28,20,2,13,12,23,32,7,0,6,27,0,272,403,19,,1,2,697,227,337,68,31,28,6,Prince William County  ,"Prince William County, Virginia",470335,0.5,0.624,0.222,0.011,0.094,0.245,0.733,0.972,0.942,0.885,0.411,107132,40932,0.061,1195
870,,Forest Park High,4,23,18,2,9,10,18,17,1,3,11,0,235,270,19,,,3,527,124,221,18,32,11,121,Prince William County  ,"Prince William County, Virginia",470335,0.5,0.624,0.222,0.011,0.094,0.245,0.733,0.972,0.942,0.885,0.411,107132,40932,0.061,1195
300,,Freedom High ,3,10,11,1,7,5,2,12,0,5,13,0,331,141,19,,,2,493,194,105,32,107,14,41,Prince William County  ,"Prince William County, Virginia",470335,0.5,0.624,0.222,0.011,0.094,0.245,0.733,0.972,0.942,0.885,0.411,107132,40932,0.061,1195
690,,Gar-Field High,8,3,6,1,15,3,5,21,2,0,11,44,377,219,24,,,4,624,272,171,31,121,27,2,Prince William County  ,"Prince William County, Virginia",470335,0.5,0.624,0.222,0.011,0.094,0.245,0.733,0.972,0.942,0.885,0.411,107132,40932,0.061,1195
80,,Osbourn Park High,0,10,44,25,5,28,16,27,25,2,12,44,187,352,4,,,4,547,73,215,11,10,4,234,Prince William County  ,"Prince William County, Virginia",470335,0.5,0.624,0.222,0.011,0.094,0.245,0.733,0.972,0.942,0.885,0.411,107132,40932,0.061,1195
1060,,Patriot High,,6,27,20,3,17,23,31,38,11,5,12,252,381,23,,,1,657,134,350,30,47,6,90,Prince William County  ,"Prince William County, Virginia",470335,0.5,0.624,0.222,0.011,0.094,0.245,0.733,0.972,0.942,0.885,0.411,107132,40932,0.061,1195
140,,Potomac High,0,2,15,7,1,7,5,4,21,3,4,14,289,174,17,,,1,481,110,172,7,39,14,139,Prince William County  ,"Prince William County, Virginia",470335,0.5,0.624,0.222,0.011,0.094,0.245,0.733,0.972,0.942,0.885,0.411,107132,40932,0.061,1195
680,,Stonewall Jackson High,17,8,5,20,5,19,6,7,13,1,5,23,345,231,21,,1,4,602,218,154,28,91,26,85,Prince William County  ,"Prince William County, Virginia",470335,0.5,0.624,0.222,0.011,0.094,0.245,0.733,0.972,0.942,0.885,0.411,107132,40932,0.061,1195
60,,Woodbridge High,0,3,19,11,1,17,11,9,11,3,3,0,348,265,17,,1,3,634,216,194,14,36,11,163,Prince William County  ,"Prince William County, Virginia",470335,0.5,0.624,0.222,0.011,0.094,0.245,0.733,0.972,0.942,0.885,0.411,107132,40932,0.061,1195
10,,Pulaski County Senior High,4,11,22,1,14,7,13,0,6,9,15,13,141,115,13,,,3,272,136,58,8,33,9,28,Pulaski County  ,"Pulaski County, Virginia",34027,0.499,0.923,0.05,0.003,0.007,0.018,0.714,0.846,0.704,0.874,0.2,53866,28125,0.146,109
230,,Rappahannock County High,25,0,0,0,4,8,0,0,11,8,27,7,28,27,1,,,,56,28,16,1,8,3,,Rappahannock County  ,"Rappahannock County, Virginia",7370,0.508,0.924,0.042,0.004,0.01,0.044,0.742,0.882,0.771,0.884,0.358,74284,41792,0.085,27.7
470,,Cave Spring High,56,13,6,28,0,0,32,33,4,24,5,19,81,172,3,,,2,258,80,145,3,23,7,,Roanoke County  ,"Roanoke County, Virginia",94186,0.518,0.879,0.064,0.002,0.035,0.033,0.748,0.908,0.841,0.923,0.356,68948,36469,0.065,368.7
610,,Glenvar High,25,15,13,32,11,8,40,20,5,34,5,31,57,78,6,,,1,142,45,64,1,25,7,,Roanoke County  ,"Roanoke County, Virginia",94186,0.518,0.879,0.064,0.002,0.035,0.033,0.748,0.908,0.841,0.923,0.356,68948,36469,0.065,368.7
754,,Hidden Valley High,43,26,4,34,1,2,20,14,6,10,4,10,60,166,8,,,1,235,75,122,9,8,10,11,Roanoke County  ,"Roanoke County, Virginia",94186,0.518,0.879,0.064,0.002,0.035,0.033,0.748,0.908,0.841,0.923,0.356,68948,36469,0.065,368.7
520,,Northside High,8,4,6,19,2,11,42,10,1,18,2,4,90,126,13,,,1,230,94,77,11,42,6,,Roanoke County  ,"Roanoke County, Virginia",94186,0.518,0.879,0.064,0.002,0.035,0.033,0.748,0.908,0.841,0.923,0.356,68948,36469,0.065,368.7
630,,William Byrd High,33,8,0,11,32,31,6,4,5,0,1,12,105,145,13,1,,1,265,85,103,6,67,4,,Roanoke County  ,"Roanoke County, Virginia",94186,0.518,0.879,0.064,0.002,0.035,0.033,0.748,0.908,0.841,0.923,0.356,68948,36469,0.065,368.7
22,,Rockbridge County High,14,30,26,7,3,0,10,5,0,20,1,9,82,116,3,,,3,204,51,79,15,53,6,,Rockbridge County  ,"Rockbridge County, Virginia",22573,0.505,0.935,0.033,0.006,0.007,0.02,0.752,0.838,0.757,0.868,0.267,54600,31539,0.115,37.3
870,,Broadway High,6,10,,12,9,0,14,10,,21,1,7,137,120,12,1,,5,275,49,99,14,107,5,1,Rockingham County  ,"Rockingham County, Virginia",81948,0.509,0.942,0.025,0.006,0.01,0.074,0.745,0.853,0.763,0.84,0.263,61864,31275,0.081,89.9
391,,East Rockingham High,18,18,0,6,9,0,11,3,0,15,9,12,90,111,6,,,3,210,62,66,10,62,5,5,Rockingham County  ,"Rockingham County, Virginia",81948,0.509,0.942,0.025,0.006,0.01,0.074,0.745,0.853,0.763,0.84,0.263,61864,31275,0.081,89.9
20,,Spotswood High,17,18,0,13,9,0,15,10,,27,3,12,106,139,9,,,4,258,24,148,9,58,10,9,Rockingham County  ,"Rockingham County, Virginia",81948,0.509,0.942,0.025,0.006,0.01,0.074,0.745,0.853,0.763,0.84,0.263,61864,31275,0.081,89.9
850,,Turner Ashby High,19,13,33,11,6,5,9,50,,11,0,0,98,132,8,1,,2,241,30,109,24,66,6,6,Rockingham County  ,"Rockingham County, Virginia",81948,0.509,0.942,0.025,0.006,0.01,0.074,0.745,0.853,0.763,0.84,0.263,61864,31275,0.081,89.9
791,,Castlewood High,,8,,11,10,9,,18,8,8,17,40,49,19,,,,,68,25,24,,13,4,2,Russell County  ,"Russell County, Virginia",26586,0.512,0.976,0.011,0.003,0.002,0.014,0.761,0.72,0.597,0.803,0.122,39758,21605,0.2,61
540,,Honaker High,,15,0,0,0,,3,5,0,15,8,0,61,34,3,,1,1,100,49,20,,25,1,5,Russell County  ,"Russell County, Virginia",26586,0.512,0.976,0.011,0.003,0.002,0.014,0.761,0.72,0.597,0.803,0.122,39758,21605,0.2,61
140,,Lebanon High,,6,6,6,,11,9,,,17,19,3,73,52,2,,3,1,131,50,38,,39,1,3,Russell County  ,"Russell County, Virginia",26586,0.512,0.976,0.011,0.003,0.002,0.014,0.761,0.72,0.597,0.803,0.122,39758,21605,0.2,61
770,,Gate City High,15,7,10,,9,8,2,6,23,0,4,6,54,77,12,,,,143,49,40,3,43,3,5,Scott County  ,"Scott County, Virginia",21566,0.497,0.976,0.009,0.003,0.002,0.015,0.774,0.742,0.643,0.814,0.133,39820,22898,0.148,43.3
260,,Rye Cove High,14,14,4,8,10,4,0,0,2,0,2,5,31,13,1,,,,45,22,6,1,10,,6,Scott County  ,"Scott County, Virginia",21566,0.497,0.976,0.009,0.003,0.002,0.015,0.774,0.742,0.643,0.814,0.133,39820,22898,0.148,43.3
780,,Twin Springs High,4,,0,0,0,5,5,19,8,19,2,24,22,21,2,1,,,46,15,12,1,14,2,2,Scott County  ,"Scott County, Virginia",21566,0.497,0.976,0.009,0.003,0.002,0.015,0.774,0.742,0.643,0.814,0.133,39820,22898,0.148,43.3
780,,Central High,5,4,8,9,28,,19,0,18,21,22,5,96,93,13,,,,202,57,61,11,70,2,1,Shenandoah County  ,"Shenandoah County, Virginia",43616,0.509,0.936,0.029,0.005,0.011,0.074,0.709,0.84,0.744,0.87,0.205,57252,28882,0.103,82.5
790,,Stonewall Jackson High,7,11,7,9,14,8,7,3,19,12,10,0,75,55,7,2,,,139,42,44,14,29,9,1,Shenandoah County  ,"Shenandoah County, Virginia",43616,0.509,0.936,0.029,0.005,0.011,0.074,0.709,0.84,0.744,0.87,0.205,57252,28882,0.103,82.5
770,,Strasburg High,4,5,5,9,4,5,4,0,0,0,0,2,75,76,1,,,,152,63,42,6,31,10,,Shenandoah County  ,"Shenandoah County, Virginia",43616,0.509,0.936,0.029,0.005,0.011,0.074,0.709,0.84,0.744,0.87,0.205,57252,28882,0.103,82.5
460,,Chilhowie High,17,2,12,,22,0,9,,0,0,4,8,58,39,1,,,,98,30,17,8,41,2,,Smyth County  ,"Smyth County, Virginia",30104,0.511,0.957,0.025,0.002,0.005,0.02,0.715,0.796,0.7,0.833,0.146,40932,21605,0.165,71.4
700,,Marion Senior High,31,0,0,27,0,12,0,5,6,0,13,19,60,63,8,,,1,132,50,40,6,31,4,1,Smyth County  ,"Smyth County, Virginia",30104,0.511,0.957,0.025,0.002,0.005,0.02,0.715,0.796,0.7,0.833,0.146,40932,21605,0.165,71.4
250,,Northwood High,0,18,0,3,0,7,5,23,5,14,14,0,51,12,,,,,63,48,3,2,7,2,1,Smyth County  ,"Smyth County, Virginia",30104,0.511,0.957,0.025,0.002,0.005,0.02,0.715,0.796,0.7,0.833,0.146,40932,21605,0.165,71.4
690,,Southampton High,10,0,13,3,2,7,23,3,4,,6,1,73,108,5,,,1,187,40,77,29,29,12,,Southampton County  ,"Southampton County, Virginia",17631,0.483,0.623,0.347,0.005,0.005,0.02,0.748,0.864,0.743,0.848,0.184,61348,26600,0.133,31
381,,Chancellor High,6,2,10,3,2,6,35,7,10,17,1,16,135,141,15,,,,291,83,152,14,29,13,,Spotsylvania County  ,"Spotsylvania County, Virginia",136215,0.508,0.754,0.175,0.005,0.028,0.107,0.781,0.948,0.898,0.912,0.317,88628,37212,0.066,304.9
20,,Courtland High,4,12,0,2,6,30,12,9,10,3,4,4,118,175,5,,,1,299,84,136,18,39,22,,Spotsylvania County  ,"Spotsylvania County, Virginia",136215,0.508,0.754,0.175,0.005,0.028,0.107,0.781,0.948,0.898,0.912,0.317,88628,37212,0.066,304.9
506,,Massaponax High,11,1,6,7,32,8,8,14,1,6,5,12,154,226,13,,,3,396,132,167,19,51,27,,Spotsylvania County  ,"Spotsylvania County, Virginia",136215,0.508,0.754,0.175,0.005,0.028,0.107,0.781,0.948,0.898,0.912,0.317,88628,37212,0.066,304.9
510,,Riverbend High ,5,3,3,20,2,10,4,0,5,1,10,0,176,271,8,,,4,459,121,205,20,87,25,1,Spotsylvania County  ,"Spotsylvania County, Virginia",136215,0.508,0.754,0.175,0.005,0.028,0.107,0.781,0.948,0.898,0.912,0.317,88628,37212,0.066,304.9
370,,Spotsylvania High,2,3,18,,6,16,12,1,9,4,11,3,133,140,5,,,8,286,93,118,24,34,15,2,Spotsylvania County  ,"Spotsylvania County, Virginia",136215,0.508,0.754,0.175,0.005,0.028,0.107,0.781,0.948,0.898,0.912,0.317,88628,37212,0.066,304.9
421,,Brooke Point High,7,8,31,11,7,12,16,4,18,8,14,31,188,232,5,,,2,427,221,121,18,40,22,5,Stafford County  ,"Stafford County, Virginia",152882,0.495,0.709,0.2,0.008,0.036,0.142,0.774,0.969,0.943,0.932,0.399,111108,42126,0.054,479.5
424,,Colonial Forge High,4,8,34,,12,14,17,1,21,5,18,22,181,344,10,,,7,542,123,305,41,38,33,2,Stafford County  ,"Stafford County, Virginia",152882,0.495,0.709,0.2,0.008,0.036,0.142,0.774,0.969,0.943,0.932,0.399,111108,42126,0.054,479.5
430,,Mountain View High ,7,5,22,20,9,8,17,3,11,6,11,15,123,337,2,,,1,463,21,80,1,14,8,339,Stafford County  ,"Stafford County, Virginia",152882,0.495,0.709,0.2,0.008,0.036,0.142,0.774,0.969,0.943,0.932,0.399,111108,42126,0.054,479.5
30,,North Stafford High,2,6,23,4,4,12,18,1,11,3,11,12,171,230,4,,,4,409,112,175,20,55,29,18,Stafford County  ,"Stafford County, Virginia",152882,0.495,0.709,0.2,0.008,0.036,0.142,0.774,0.969,0.943,0.932,0.399,111108,42126,0.054,479.5
20,,Stafford Senior High,2,6,25,1,4,14,3,22,3,13,19,7,172,284,9,,,12,477,112,242,42,53,26,2,Stafford County  ,"Stafford County, Virginia",152882,0.495,0.709,0.2,0.008,0.036,0.142,0.774,0.969,0.943,0.932,0.399,111108,42126,0.054,479.5
10,,Surry County High,7,2,0,8,2,9,12,1,4,0,0,5,39,16,2,,,,57,6,34,2,15,,,Surry County  ,"Surry County, Virginia",6422,0.504,0.552,0.415,0.005,0.005,0.027,0.743,0.823,0.648,0.85,0.206,57962,30260,0.119,25.3
340,,Sussex Central High,0,2,5,1,5,0,1,0,6,49,9,10,50,22,4,,,,76,3,28,3,39,3,,Sussex County  ,"Sussex County, Virginia",11159,0.404,0.413,0.561,0.006,0.005,0.033,0.692,0.788,0.664,0.803,0.127,49487,21652,0.216,24.7
940,,Graham High,20,0,4,14,17,20,55,12,5,23,14,6,77,46,7,,,,130,26,73,3,25,1,2,Tazewell County  ,"Tazewell County, Virginia",40595,0.504,0.948,0.032,0.002,0.007,0.011,0.745,0.798,0.73,0.817,0.149,42099,23738,0.217,86.9
821,,Richlands High,0,11,4,15,9,17,6,11,6,44,7,7,94,73,10,,,,177,102,24,,43,7,1,Tazewell County  ,"Tazewell County, Virginia",40595,0.504,0.948,0.032,0.002,0.007,0.011,0.745,0.798,0.73,0.817,0.149,42099,23738,0.217,86.9
890,,Tazewell High,18,6,12,0,16,0,,0,3,17,11,3,75,44,13,,,1,133,74,32,,26,1,,Tazewell County  ,"Tazewell County, Virginia",40595,0.504,0.948,0.032,0.002,0.007,0.011,0.745,0.798,0.73,0.817,0.149,42099,23738,0.217,86.9
250,,Skyline High,7,10,0,2,7,5,0,10,,7,0,4,111,105,7,8,,,231,81,59,16,68,7,,Warren County  ,"Warren County, Virginia",40164,0.502,0.905,0.05,0.006,0.013,0.053,0.767,0.904,0.832,0.869,0.217,69116,32086,0.097,176
230,,Warren County High,0,17,0,0,7,,15,0,7,21,10,0,99,87,14,,,,200,60,53,16,46,15,10,Warren County  ,"Warren County, Virginia",40164,0.502,0.905,0.05,0.006,0.013,0.053,0.767,0.904,0.832,0.869,0.217,69116,32086,0.097,176
1030,,Abingdon High,19,14,8,9,48,0,0,5,3,2,9,15,95,110,8,,,3,216,82,82,9,31,8,4,Washington County  ,"Washington County, Virginia",53740,0.507,0.967,0.015,0.002,0.005,0.016,0.752,0.848,0.754,0.857,0.228,48495,27524,0.123,97.8
1060,,Holston High,10,0,8,5,,0,,,17,0,13,14,39,28,1,,,,68,8,33,2,16,3,6,Washington County  ,"Washington County, Virginia",53740,0.507,0.967,0.015,0.002,0.005,0.016,0.752,0.848,0.754,0.857,0.228,48495,27524,0.123,97.8
1040,,John S. Battle High,0,16,4,0,,17,0,25,0,50,5,17,82,72,1,,2,1,158,67,50,,38,3,,Washington County  ,"Washington County, Virginia",53740,0.507,0.967,0.015,0.002,0.005,0.016,0.752,0.848,0.754,0.857,0.228,48495,27524,0.123,97.8
1050,,Patrick Henry High,0,4,4,0,0,0,0,0,,17,9,,63,46,5,,,1,115,53,22,,37,2,1,Washington County  ,"Washington County, Virginia",53740,0.507,0.967,0.015,0.002,0.005,0.016,0.752,0.848,0.754,0.857,0.228,48495,27524,0.123,97.8
120,,Washington & Lee High,17,6,,0,0,7,8,0,17,1,10,16,65,43,3,,,,111,33,35,4,24,7,8,Westmoreland County  ,"Westmoreland County, Virginia",18015,0.512,0.692,0.261,0.008,0.009,0.069,0.732,0.858,0.749,0.845,0.192,53853,32996,0.159,76.1
1000,,Central High,10,,5,12,21,7,17,14,10,,9,11,95,63,9,,,,167,52,54,7,47,6,1,Wise County  ,"Wise County, Virginia",37383,0.479,0.925,0.058,0.002,0.004,0.012,0.666,0.81,0.644,0.759,0.15,38888,21500,0.204,102.8
652,,Eastside High,0,19,29,6,6,14,0,30,20,4,6,,57,40,4,,,,101,8,71,7,7,5,3,Wise County  ,"Wise County, Virginia",37383,0.479,0.925,0.058,0.002,0.004,0.012,0.666,0.81,0.644,0.759,0.15,38888,21500,0.204,102.8
1010,,Union High,7,5,25,1,15,3,6,6,18,13,,38,70,95,8,,1,1,175,102,48,6,8,2,9,Wise County  ,"Wise County, Virginia",37383,0.479,0.925,0.058,0.002,0.004,0.012,0.666,0.81,0.644,0.759,0.15,38888,21500,0.204,102.8
760,,Fort Chiswell High,30,51,2,13,9,11,0,12,11,0,0,5,55,55,6,,,2,118,53,39,14,7,2,3,Wythe County  ,"Wythe County, Virginia",28684,0.511,0.946,0.03,0.002,0.006,0.014,0.78,0.81,0.71,0.862,0.19,49364,27381,0.128,63.3
721,,George Wythe High,32,32,5,18,23,28,43,26,4,0,0,33,37,60,1,,,,98,44,30,2,17,,5,Wythe County  ,"Wythe County, Virginia",28684,0.511,0.946,0.03,0.002,0.006,0.014,0.78,0.81,0.71,0.862,0.19,49364,27381,0.128,63.3
202,,Rural Retreat High,15,39,3,18,14,21,,13,5,28,10,2,40,35,,,2,,77,42,19,,16,,,Wythe County  ,"Wythe County, Virginia",28684,0.511,0.946,0.03,0.002,0.006,0.014,0.78,0.81,0.71,0.862,0.19,49364,27381,0.128,63.3
20,,Bruton High,16,14,0,20,4,12,13,6,11,49,47,10,49,62,2,,,,113,35,45,1,21,9,2,York County  ,"York County, Virginia",68280,0.509,0.754,0.138,0.005,0.061,0.069,0.713,0.948,0.901,0.947,0.471,92069,41201,0.051,624.8
332,,Grafton High,22,20,1,17,7,21,26,4,8,44,31,9,107,173,6,,,1,287,27,152,6,29,12,61,York County  ,"York County, Virginia",68280,0.509,0.754,0.138,0.005,0.061,0.069,0.713,0.948,0.901,0.947,0.471,92069,41201,0.051,624.8
230,,Tabb High,11,26,1,11,8,18,36,3,14,32,3,0,81,210,2,,,1,294,66,179,2,33,10,4,York County  ,"York County, Virginia",68280,0.509,0.754,0.138,0.005,0.061,0.069,0.713,0.948,0.901,0.947,0.471,92069,41201,0.051,624.8
30,,York High,12,14,1,13,2,12,16,4,0,9,0,18,78,166,7,,,,251,73,126,8,33,11,,York County  ,"York County, Virginia",68280,0.509,0.754,0.138,0.005,0.061,0.069,0.713,0.948,0.901,0.947,0.471,92069,41201,0.051,624.8
335,,York River Academy,0,0,,20,5,0,6,0,0,0,0,0,19,,,,,,19,10,1,6,2,,,York County  ,"York County, Virginia",68280,0.509,0.754,0.138,0.005,0.061,0.069,0.713,0.948,0.901,0.947,0.471,92069,41201,0.051,624.8
210,,T.C. Williams High,9,28,33,7,16,17,1,11,3,13,19,2,497,367,47,2,1,12,926,270,467,48,75,29,37,Alexandria City  ,"Alexandria city, Virginia",159428,0.518,0.622,0.218,0.002,0.059,0.167,0.433,0.957,0.915,0.93,0.631,100939,62679,0.103,9314.3
80,,Virginia High,21,4,0,11,0,3,12,6,6,0,1,2,88,59,21,,,2,170,62,52,4,37,3,12,Bristol City  ,"Bristol city, Virginia",16762,0.529,0.905,0.057,0,0.002,0.023,0.604,0.841,0.773,0.847,0.254,37500,23015,0.226,1370.6
62,,Parry McCluer High School,4,4,7,11,,8,3,3,13,2,0,5,43,20,,1,,,64,17,23,1,17,,6,Buena Vista City  ,"Buena Vista city, Virginia",6478,0.572,0.892,0.073,0.001,0.019,0.018,0.68,0.799,0.697,0.811,0.159,32455,21419,0.255,991.9
140,,Charlottesville High,34,1,24,25,1,10,28,0,3,15,21,5,111,160,22,,,,293,78,142,22,47,3,1,Charlottesville City  ,"Charlottesville city, Virginia",47266,0.516,0.706,0.188,0.002,0.071,0.055,0.428,0.924,0.843,0.911,0.549,59471,38328,0.241,4246.4
40,,Colonial Heights High,3,0,3,6,13,,14,5,0,12,5,0,79,124,4,,2,6,215,80,78,15,26,16,,Colonial Heights City  ,"Colonial Heights city, Virginia",17370,0.538,0.755,0.153,0.003,0.042,0.059,0.629,0.892,0.781,0.915,0.255,54550,28364,0.121,2315.3
350,,Covington High,7,0,3,12,0,4,4,24,2,14,14,1,33,22,4,3,1,1,64,26,14,2,19,3,,Covington City  ,"Covington city, Virginia",5538,0.521,0.821,0.131,0,0.012,0.024,0.745,0.836,0.772,0.873,0.156,40655,25309,0.132,1090.2
1374,,Galileo Magnet High,29,0,0,0,0,4,9,0,12,9,0,0,27,43,,,,,70,33,25,1,4,7,,Danville City  ,"Danville city, Virginia",40044,0.54,0.455,0.494,0.001,0.012,0.043,0.515,0.806,0.719,0.818,0.176,37203,22826,0.224,1002.8
210,,George Washington High,13,1,2,5,0,4,,2,18,5,25,2,184,61,20,10,1,9,285,62,95,16,86,19,7,Danville City  ,"Danville city, Virginia",40044,0.54,0.455,0.494,0.001,0.012,0.043,0.515,0.806,0.719,0.818,0.176,37203,22826,0.224,1002.8
251,,George Mason High,14,53,0,14,20,20,2,19,10,37,35,3,52,132,,2,1,,187,29,145,2,7,1,3,Falls Church City  ,"Falls Church city, Virginia",14617,0.514,0.794,0.049,0.002,0.099,0.107,0.583,0.982,0.937,0.989,0.776,127610,72325,0.032,6169.1
40,,James Monroe High,0,5,3,4,0,5,5,10,15,3,9,6,119,125,10,,6,,260,83,114,12,35,5,11,Fredericksburg City  ,"Fredericksburg city, Virginia",29036,0.546,0.623,0.221,0.002,0.027,0.107,0.355,0.935,0.847,0.902,0.409,65641,35731,0.155,2326.2
31,,Galax High,24,,0,5,0,,0,0,0,0,8,17,52,36,1,,2,,91,41,26,2,18,4,,Galax City  ,"Galax city, Virginia",6347,0.526,0.896,0.075,0,0.006,0.145,0.681,0.799,0.685,0.757,0.148,33575,23025,0.238,854.6
430,,Bethel High,8,6,1,11,1,4,3,0,4,6,2,21,244,144,31,,1,1,421,61,139,27,48,20,126,Hampton City  ,"Hampton city, Virginia",134510,0.518,0.411,0.499,0.005,0.025,0.058,0.557,0.914,0.82,0.914,0.269,56287,30135,0.152,2673.2
280,,Hampton High,1,11,0,3,1,6,14,1,6,13,10,2,224,125,21,,,2,372,23,185,68,56,24,16,Hampton City  ,"Hampton city, Virginia",134510,0.518,0.411,0.499,0.005,0.025,0.058,0.557,0.914,0.82,0.914,0.269,56287,30135,0.152,2673.2
320,,Kecoughtan High,11,8,1,11,2,8,4,8,0,4,7,8,205,191,11,,,2,409,95,169,26,76,24,19,Hampton City  ,"Hampton city, Virginia",134510,0.518,0.411,0.499,0.005,0.025,0.058,0.557,0.914,0.82,0.914,0.269,56287,30135,0.152,2673.2
50,,Phoebus High,0,3,8,1,5,0,7,4,6,11,37,16,148,72,24,,,3,247,41,92,25,37,42,10,Hampton City  ,"Hampton city, Virginia",134510,0.518,0.411,0.499,0.005,0.025,0.058,0.557,0.914,0.82,0.914,0.269,56287,30135,0.152,2673.2
12,,Harrisonburg High,5,20,18,1,11,3,12,8,7,22,53,,148,260,13,,8,,429,160,132,26,104,6,1,Harrisonburg City  ,"Harrisonburg city, Virginia",53016,0.52,0.804,0.074,0.001,0.039,0.197,0.396,0.902,0.78,0.839,0.363,46679,23202,0.283,2808.2
120,,Hopewell High,,2,4,11,3,5,1,3,4,1,8,25,164,70,2,,,,236,66,90,1,57,22,,Hopewell City  ,"Hopewell city, Virginia",22529,0.532,0.509,0.435,0.001,0.014,0.079,0.467,0.84,0.757,0.813,0.148,39030,21927,0.236,2198
260,,E.C. Glass High ,23,35,1,16,18,1,2,14,14,0,1,5,117,184,21,2,,8,332,81,151,13,24,7,56,Lynchburg City  ,"Lynchburg city, Virginia",82168,0.532,0.65,0.286,0.003,0.024,0.042,0.487,0.886,0.796,0.887,0.356,46409,23863,0.195,1538.2
130,,Heritage High,17,8,1,11,6,0,12,4,4,3,0,5,110,106,13,1,1,3,234,99,80,2,23,5,25,Lynchburg City  ,"Lynchburg city, Virginia",82168,0.532,0.65,0.286,0.003,0.024,0.042,0.487,0.886,0.796,0.887,0.356,46409,23863,0.195,1538.2
110,,Martinsville High,,3,8,15,0,3,12,7,,3,7,23,71,50,4,,,1,126,63,34,5,16,4,4,Martinsville City  ,"Martinsville city, Virginia",12554,0.556,0.48,0.454,0.004,0.01,0.057,0.559,0.838,0.739,0.828,0.21,34371,22836,0.239,1261.5
1405,,Achievable Dream Middle/High ,4,0,4,,7,3,1,2,20,4,4,7,3,39,,,,,42,6,25,4,,7,,Newport News City  ,"Newport News city, Virginia",179225,0.517,0.479,0.411,0.003,0.032,0.09,0.489,0.912,0.764,0.91,0.263,53215,28294,0.153,2630
280,,Denbigh High,1,1,9,0,3,0,2,0,2,8,27,8,229,84,10,,,9,332,84,85,52,51,39,21,Newport News City  ,"Newport News city, Virginia",179225,0.517,0.479,0.411,0.003,0.032,0.09,0.489,0.912,0.764,0.91,0.263,53215,28294,0.153,2630
1395,,Heritage High,1,14,,1,18,2,9,7,2,6,20,1,150,109,13,,2,3,277,48,93,11,93,18,14,Newport News City  ,"Newport News city, Virginia",179225,0.517,0.479,0.411,0.003,0.032,0.09,0.489,0.912,0.764,0.91,0.263,53215,28294,0.153,2630
1220,,Menchville High,4,9,0,0,6,0,5,14,1,3,19,6,172,186,11,,,2,371,99,146,20,61,36,9,Newport News City  ,"Newport News city, Virginia",179225,0.517,0.479,0.411,0.003,0.032,0.09,0.489,0.912,0.764,0.91,0.263,53215,28294,0.153,2630
1070,,Warwick High,4,7,1,8,0,4,8,3,0,5,9,1,174,170,6,,,1,351,56,195,29,36,23,12,Newport News City  ,"Newport News city, Virginia",179225,0.517,0.479,0.411,0.003,0.032,0.09,0.489,0.912,0.764,0.91,0.263,53215,28294,0.153,2630
1396,,Woodside High,0,4,0,0,1,0,0,0,0,1,,6,193,197,5,,,6,401,87,147,10,117,28,12,Newport News City  ,"Newport News city, Virginia",179225,0.517,0.479,0.411,0.003,0.032,0.09,0.489,0.912,0.764,0.91,0.263,53215,28294,0.153,2630
880,,Booker T Washington High,13,2,7,2,13,1,13,0,5,27,0,0,129,59,12,1,2,3,206,71,64,34,23,13,1,Norfolk City  ,"Norfolk city, Virginia",242742,0.478,0.47,0.411,0.004,0.037,0.08,0.434,0.91,0.834,0.88,0.288,51590,29830,0.187,4486.4
390,,Granby High,4,9,0,0,0,0,0,1,2,0,1,0,239,200,11,,,5,455,88,208,57,64,32,6,Norfolk City  ,"Norfolk city, Virginia",242742,0.478,0.47,0.411,0.004,0.037,0.08,0.434,0.91,0.834,0.88,0.288,51590,29830,0.187,4486.4
840,,Lake Taylor High ,0,8,25,7,2,10,10,2,13,1,5,18,145,71,17,1,4,6,244,55,89,34,45,19,2,Norfolk City  ,"Norfolk city, Virginia",242742,0.478,0.47,0.411,0.004,0.037,0.08,0.434,0.91,0.834,0.88,0.288,51590,29830,0.187,4486.4
10,,Matthew Fontaine Maury High,2,4,19,2,2,4,10,1,11,1,4,26,171,224,6,,1,9,411,73,261,19,34,17,7,Norfolk City  ,"Norfolk city, Virginia",242742,0.478,0.47,0.411,0.004,0.037,0.08,0.434,0.91,0.834,0.88,0.288,51590,29830,0.187,4486.4
580,,Norview High,2,6,11,5,6,10,3,10,7,6,0,7,244,163,17,,2,7,433,62,240,42,42,46,1,Norfolk City  ,"Norfolk city, Virginia",242742,0.478,0.47,0.411,0.004,0.037,0.08,0.434,0.91,0.834,0.88,0.288,51590,29830,0.187,4486.4
20,,J.I. Burton High ,12,0,7,0,,9,0,0,,4,22,,25,33,,,,,58,22,27,,7,2,,Norton City  ,"Norton city, Virginia (County)",3981,0.532,0.897,0.059,0.004,0.018,0.038,0.501,0.843,0.68,0.84,0.228,29000,21741,0.193,529.1
200,,Petersburg High,3,0,3,23,2,10,27,0,14,1,13,0,156,64,22,,2,,244,6,97,3,132,6,,Petersburg City  ,"Petersburg city, Virginia",31346,0.544,0.175,0.767,0.002,0.009,0.049,0.388,0.811,0.69,0.828,0.198,38679,23611,0.241,1413.7
500,,Churchland High,5,13,11,1,11,4,10,5,6,0,2,6,226,157,7,,,2,392,86,147,35,73,37,14,Portsmouth City  ,"Portsmouth city, Virginia",94398,0.519,0.398,0.529,0.004,0.014,0.045,0.55,0.886,0.796,0.883,0.219,52175,26312,0.168,2838.8
240,,I.C. Norcom High,6,1,5,0,3,2,3,0,1,0,3,16,158,64,12,,5,,239,31,76,85,16,17,14,Portsmouth City  ,"Portsmouth city, Virginia",94398,0.519,0.398,0.529,0.004,0.014,0.045,0.55,0.886,0.796,0.883,0.219,52175,26312,0.168,2838.8
1660,,Woodrow Wilson High,10,12,5,,0,8,1,4,2,6,6,20,177,97,12,,,9,295,60,135,14,54,32,,Portsmouth City  ,"Portsmouth city, Virginia",94398,0.519,0.398,0.529,0.004,0.014,0.045,0.55,0.886,0.796,0.883,0.219,52175,26312,0.168,2838.8
41,,Radford High,21,18,18,0,2,5,24,13,4,10,11,19,63,60,3,,,,126,62,48,1,13,1,1,Radford City  ,"Radford city, Virginia",18249,0.526,0.848,0.099,0,0.016,0.029,0.466,0.886,0.798,0.912,0.38,36297,21797,0.363,1662.1
850,,Armstrong High ,0,2,0,1,2,2,0,1,,5,0,0,125,33,7,,,,165,106,31,1,18,1,8,Richmond City  ,"Richmond city, Virginia",230436,0.526,0.455,0.469,0.004,0.021,0.069,0.426,0.881,0.754,0.854,0.396,47250,33549,0.232,3414.7
741,,George Wythe High,2,1,3,5,0,0,2,6,,3,1,2,130,36,6,,1,,173,127,34,,4,,8,Richmond City  ,"Richmond city, Virginia",230436,0.526,0.455,0.469,0.004,0.021,0.069,0.426,0.881,0.754,0.854,0.396,47250,33549,0.232,3414.7
1510,,Huguenot High,0,2,3,7,3,5,0,0,4,23,,8,179,67,12,,2,,260,162,70,1,10,1,16,Richmond City  ,"Richmond city, Virginia",230436,0.526,0.455,0.469,0.004,0.021,0.069,0.426,0.881,0.754,0.854,0.396,47250,33549,0.232,3414.7
730,,John Marshall High,7,6,0,0,0,3,3,9,0,18,41,0,72,53,10,,,,135,64,53,1,7,,10,Richmond City  ,"Richmond city, Virginia",230436,0.526,0.455,0.469,0.004,0.021,0.069,0.426,0.881,0.754,0.854,0.396,47250,33549,0.232,3414.7
90,,Open High,0,21,14,8,7,19,29,6,,,8,33,,48,,,,,48,1,37,2,7,1,,Richmond City  ,"Richmond city, Virginia",230436,0.526,0.455,0.469,0.004,0.021,0.069,0.426,0.881,0.754,0.854,0.396,47250,33549,0.232,3414.7
452,,Richmond Community High,13,12,21,10,7,2,9,11,6,23,0,14,,54,,,,,54,2,50,,,1,1,Richmond City  ,"Richmond city, Virginia",230436,0.526,0.455,0.469,0.004,0.021,0.069,0.426,0.881,0.754,0.854,0.396,47250,33549,0.232,3414.7
20,,Thomas Jefferson High,1,14,0,7,1,9,11,1,5,7,7,,58,90,2,,,,150,47,91,4,6,,2,Richmond City  ,"Richmond city, Virginia",230436,0.526,0.455,0.469,0.004,0.021,0.069,0.426,0.881,0.754,0.854,0.396,47250,33549,0.232,3414.7
390,,Patrick Henry High,26,6,6,9,,2,5,11,6,20,1,5,274,177,71,3,,,525,117,142,25,120,16,105,Roanoke City  ,"Roanoke city, Virginia",99143,0.524,0.624,0.29,0.002,0.03,0.063,0.515,0.858,0.749,0.862,0.234,44230,27006,0.208,2279.8
400,,William Fleming High,13,3,13,31,13,7,52,38,9,24,12,21,230,122,45,4,,,401,113,94,23,148,10,13,Roanoke City  ,"Roanoke city, Virginia",99143,0.524,0.624,0.29,0.002,0.03,0.063,0.515,0.858,0.749,0.862,0.234,44230,27006,0.208,2279.8
395,,King's Fork High,0,3,0,15,,8,8,14,,1,19,4,159,139,12,,,1,311,58,159,17,21,28,28,Suffolk City  ,"Suffolk city, Virginia",92108,0.515,0.515,0.418,0.002,0.02,0.044,0.687,0.914,0.811,0.899,0.295,74884,34940,0.104,211.4
300,,Lakeland High,2,1,0,9,7,4,,6,0,22,0,0,136,71,16,,1,4,228,48,59,9,101,10,1,Suffolk City  ,"Suffolk city, Virginia",92108,0.515,0.515,0.418,0.002,0.02,0.044,0.687,0.914,0.811,0.899,0.295,74884,34940,0.104,211.4
240,,Nansemond River High,25,23,2,8,13,10,17,12,2,24,11,12,170,165,9,,,2,346,73,196,7,41,20,9,Suffolk City  ,"Suffolk city, Virginia",92108,0.515,0.515,0.418,0.002,0.02,0.044,0.687,0.914,0.811,0.899,0.295,74884,34940,0.104,211.4
530,,Bayside High,3,9,2,15,2,7,4,3,4,30,9,7,211,198,20,1,1,5,436,78,260,34,26,9,29,Virginia Beach City  ,"Virginia Beach city, Virginia",449974,0.508,0.663,0.19,0.003,0.067,0.082,0.637,0.95,0.899,0.935,0.36,76610,37776,0.073,1758.9
610,,First Colonial High,5,12,6,10,6,10,2,3,0,9,31,9,149,254,19,,,6,428,96,263,3,47,9,10,Virginia Beach City  ,"Virginia Beach city, Virginia",449974,0.508,0.663,0.19,0.003,0.067,0.082,0.637,0.95,0.899,0.935,0.36,76610,37776,0.073,1758.9
440,,Floyd Kellam High,2,5,8,3,5,3,8,3,4,5,30,6,126,361,7,1,,2,497,114,310,27,24,19,3,Virginia Beach City  ,"Virginia Beach city, Virginia",449974,0.508,0.663,0.19,0.003,0.067,0.082,0.637,0.95,0.899,0.935,0.36,76610,37776,0.073,1758.9
30,,Frank W. Cox High,2,6,14,3,12,8,13,16,4,3,21,0,150,254,9,,,4,417,113,254,20,18,10,2,Virginia Beach City  ,"Virginia Beach city, Virginia",449974,0.508,0.663,0.19,0.003,0.067,0.082,0.637,0.95,0.899,0.935,0.36,76610,37776,0.073,1758.9
1050,,Green Run Collegiate,2,,17,2,3,13,4,0,3,0,4,9,5,66,,,,,71,20,40,,4,6,1,Virginia Beach City  ,"Virginia Beach city, Virginia",449974,0.508,0.663,0.19,0.003,0.067,0.082,0.637,0.95,0.899,0.935,0.36,76610,37776,0.073,1758.9
10,,Green Run High,0,0,2,2,2,0,3,5,1,0,3,0,198,113,18,,2,1,332,112,159,9,46,4,2,Virginia Beach City  ,"Virginia Beach city, Virginia",449974,0.508,0.663,0.19,0.003,0.067,0.082,0.637,0.95,0.899,0.935,0.36,76610,37776,0.073,1758.9
620,,Kempsville High,3,,4,0,23,7,3,8,8,1,15,3,160,225,8,,,8,401,100,209,10,41,20,21,Virginia Beach City  ,"Virginia Beach city, Virginia",449974,0.508,0.663,0.19,0.003,0.067,0.082,0.637,0.95,0.899,0.935,0.36,76610,37776,0.073,1758.9
1030,,Landstown High,9,5,2,0,11,34,28,9,17,25,3,24,200,332,27,,1,3,563,150,299,38,39,33,4,Virginia Beach City  ,"Virginia Beach city, Virginia",449974,0.508,0.663,0.19,0.003,0.067,0.082,0.637,0.95,0.899,0.935,0.36,76610,37776,0.073,1758.9
960,,Ocean Lakes High,9,24,16,1,0,11,45,9,18,10,4,2,154,332,20,1,,5,512,150,253,19,63,20,7,Virginia Beach City  ,"Virginia Beach city, Virginia",449974,0.508,0.663,0.19,0.003,0.067,0.082,0.637,0.95,0.899,0.935,0.36,76610,37776,0.073,1758.9
321,,Princess Anne High,27,7,19,18,3,6,29,6,2,5,10,13,148,276,24,1,2,4,455,83,302,12,20,9,29,Virginia Beach City  ,"Virginia Beach city, Virginia",449974,0.508,0.663,0.19,0.003,0.067,0.082,0.637,0.95,0.899,0.935,0.36,76610,37776,0.073,1758.9
850,,Salem High,13,2,6,23,2,5,27,3,2,10,8,3,197,199,12,,,1,409,173,171,18,20,24,3,Virginia Beach City  ,"Virginia Beach city, Virginia",449974,0.508,0.663,0.19,0.003,0.067,0.082,0.637,0.95,0.899,0.935,0.36,76610,37776,0.073,1758.9
920,,Tallwood High,7,3,5,5,2,0,4,0,14,0,0,2,200,265,26,,,1,492,127,256,30,41,34,4,Virginia Beach City  ,"Virginia Beach city, Virginia",449974,0.508,0.663,0.19,0.003,0.067,0.082,0.637,0.95,0.899,0.935,0.36,76610,37776,0.073,1758.9
600,,Waynesboro High,4,5,18,0,5,4,1,0,2,6,0,3,95,70,7,,,2,174,53,55,7,51,6,2,Waynesboro City  ,"Waynesboro city, Virginia",22630,0.511,0.814,0.142,0.005,0.011,0.081,0.577,0.861,0.726,0.861,0.271,45011,27033,0.168,1396.8
202,,Jamestown High,11,34,18,9,15,22,0,28,8,27,35,11,98,232,4,,,5,339,18,65,1,6,2,247,Williamsburg-James City County  ,"Williamsburg city, Virginia",14954,0.536,0.734,0.15,0.004,0.065,0.071,0.493,0.953,0.862,0.947,0.568,57463,29758,0.207,1559.3
90,,Lafayette High,9,21,13,10,16,15,1,16,4,20,10,4,108,143,11,,,4,266,68,138,5,43,12,,Williamsburg-James City County  ,"Williamsburg city, Virginia",14954,0.536,0.734,0.15,0.004,0.065,0.071,0.493,0.953,0.862,0.947,0.568,57463,29758,0.207,1559.3
204,,Warhill High,5,21,9,6,14,10,1,19,4,19,27,11,142,191,10,,,8,351,150,147,5,32,17,,Williamsburg-James City County  ,"Williamsburg city, Virginia",14954,0.536,0.734,0.15,0.004,0.065,0.071,0.493,0.953,0.862,0.947,0.568,57463,29758,0.207,1559.3
40,,John Handley High School,0,8,28,3,11,20,2,21,6,12,11,0,137,128,9,,,3,277,64,121,20,60,9,3,Winchester City  ,"Winchester city, Virginia",28078,0.509,0.82,0.101,0.002,0.022,0.178,0.443,0.859,0.754,0.841,0.351,58818,30859,0.163,2838
20,,Franklin High,,8,10,1,0,6,0,2,0,6,,0,33,36,2,,,,71,24,33,13,,1,,Franklin City  ,"Franklin city, Virginia",7967,0.553,0.369,0.567,0,0.013,0.011,0.516,0.816,0.729,0.863,0.191,40417,24025,0.147,1045.8
100,,Deep Creek High,34,10,17,19,2,13,55,17,49,42,12,43,136,208,13,,,6,363,76,184,33,31,30,9,Chesapeake City  ,"Chesapeake city, Virginia",244835,0.511,0.611,0.3,0.002,0.032,0.062,0.714,0.943,0.899,0.921,0.332,78640,35536,0.086,652
960,,Grassfield High,22,31,31,15,7,33,,8,33,23,6,28,160,370,17,,,1,548,123,352,17,31,17,8,Chesapeake City  ,"Chesapeake city, Virginia",244835,0.511,0.611,0.3,0.002,0.032,0.062,0.714,0.943,0.899,0.921,0.332,78640,35536,0.086,652
120,,Great Bridge High,9,29,10,11,11,41,0,7,33,32,5,39,105,242,8,,,3,358,65,102,14,19,14,144,Chesapeake City  ,"Chesapeake city, Virginia",244835,0.511,0.611,0.3,0.002,0.032,0.062,0.714,0.943,0.899,0.921,0.332,78640,35536,0.086,652
890,,Hickory High,11,38,24,27,4,16,,9,19,27,3,11,105,305,4,,1,5,420,105,224,23,32,18,18,Chesapeake City  ,"Chesapeake city, Virginia",244835,0.511,0.611,0.3,0.002,0.032,0.062,0.714,0.943,0.899,0.921,0.332,78640,35536,0.086,652
830,,Indian River High,7,5,9,5,7,20,,12,10,20,0,24,182,216,14,,3,7,422,93,195,14,69,40,11,Chesapeake City  ,"Chesapeake city, Virginia",244835,0.511,0.611,0.3,0.002,0.032,0.062,0.714,0.943,0.899,0.921,0.332,78640,35536,0.086,652
80,,Oscar F. Smith High,7,9,33,4,8,24,,10,20,24,9,42,216,273,29,,1,13,532,116,265,25,62,57,7,Chesapeake City  ,"Chesapeake city, Virginia",244835,0.511,0.611,0.3,0.002,0.032,0.062,0.714,0.943,0.899,0.921,0.332,78640,35536,0.086,652
840,,Western Branch High,21,18,32,8,0,1,4,0,0,0,3,0,211,266,24,,1,2,504,110,209,18,50,21,96,Chesapeake City  ,"Chesapeake city, Virginia",244835,0.511,0.611,0.3,0.002,0.032,0.062,0.714,0.943,0.899,0.921,0.332,78640,35536,0.086,652
70,,Salem High,0,16,1,14,18,6,4,0,9,0,12,20,97,186,13,,,2,298,92,151,6,43,3,3,Salem City  ,"Salem city, Virginia",25301,0.535,0.874,0.067,0.001,0.017,0.033,0.636,0.903,0.793,0.892,0.279,57165,31924,0.091,1717.9
10,,Poquoson High,18,27,0,35,1,7,3,28,39,9,4,13,56,93,3,,,1,153,25,87,10,15,15,1,Poquoson City  ,"Poquoson city, Virginia",12271,0.502,0.939,0.011,0.001,0.025,0.028,0.814,0.912,0.868,0.949,0.422,97118,40258,0.056,793.2
370,,Osbourn High,11,20,1,8,6,0,9,1,6,12,4,4,222,227,9,,,5,463,209,98,12,126,18,,Manassas City  ,"Manassas city, Virginia",41085,0.498,0.661,0.136,0.008,0.052,0.366,0.661,0.924,0.89,0.827,0.296,81493,33082,0.08,3827.6
30,,Manassas Park High,17,6,15,0,13,2,11,12,14,17,1,4,118,131,1,,,1,251,98,94,11,42,5,1,Manassas Park City  ,"Manassas Park city, Virginia",17478,0.477,0.623,0.153,0.001,0.111,0.397,0.659,0.968,0.896,0.827,0.279,88046,34326,0.064,5632.6
21,,Colonial Beach High,,7,0,7,16,3,6,14,4,4,0,,16,20,1,,,,37,8,17,3,8,1,,Colonial Beach  ,"Westmoreland County, Virginia",18015,0.512,0.692,0.261,0.008,0.009,0.069,0.732,0.858,0.749,0.845,0.192,53853,32996,0.159,76.1
